file,line,type,commit,author,date,time,timezone,datetime,depth,length
style.css,1,css,6b4cc451,CocoXu08,2025-10-05,16:08:50,-07:00,2025-10-05T16:08:50-07:00,0,4
style.css,2,css,6b4cc451,CocoXu08,2025-10-05,16:08:50,-07:00,2025-10-05T16:08:50-07:00,1,33
style.css,3,css,6b4cc451,CocoXu08,2025-10-05,16:08:50,-07:00,2025-10-05T16:08:50-07:00,1,32
style.css,4,css,6b4cc451,CocoXu08,2025-10-05,16:08:50,-07:00,2025-10-05T16:08:50-07:00,0,0
style.css,5,css,6b4cc451,CocoXu08,2025-10-05,16:08:50,-07:00,2025-10-05T16:08:50-07:00,0,0
style.css,6,css,6b4cc451,CocoXu08,2025-10-05,16:08:50,-07:00,2025-10-05T16:08:50-07:00,0,2
style.css,7,css,6b4cc451,CocoXu08,2025-10-05,16:08:50,-07:00,2025-10-05T16:08:50-07:00,1,12
style.css,8,css,b6d490e2,CocoXu08,2025-10-16,22:10:14,-07:00,2025-10-16T22:10:14-07:00,1,17
style.css,9,css,04922692,CocoXu08,2025-10-16,19:31:08,-07:00,2025-10-16T19:31:08-07:00,1,23
style.css,10,css,6b4cc451,CocoXu08,2025-10-05,16:08:50,-07:00,2025-10-05T16:08:50-07:00,1,25
style.css,11,css,aec45137,CocoXu08,2025-10-16,20:16:53,-07:00,2025-10-16T20:16:53-07:00,1,39
style.css,12,css,6b4cc451,CocoXu08,2025-10-05,16:08:50,-07:00,2025-10-05T16:08:50-07:00,0,0
style.css,13,css,6b4cc451,CocoXu08,2025-10-05,16:08:50,-07:00,2025-10-05T16:08:50-07:00,0,4
style.css,14,css,6b4cc451,CocoXu08,2025-10-05,16:08:50,-07:00,2025-10-05T16:08:50-07:00,1,6
style.css,15,css,6b4cc451,CocoXu08,2025-10-05,16:08:50,-07:00,2025-10-05T16:08:50-07:00,1,20
style.css,16,css,6b4cc451,CocoXu08,2025-10-05,16:08:50,-07:00,2025-10-05T16:08:50-07:00,1,13
style.css,17,css,6b4cc451,CocoXu08,2025-10-05,16:08:50,-07:00,2025-10-05T16:08:50-07:00,1,17
style.css,18,css,6b4cc451,CocoXu08,2025-10-05,16:08:50,-07:00,2025-10-05T16:08:50-07:00,1,13
style.css,19,css,6b4cc451,CocoXu08,2025-10-05,16:08:50,-07:00,2025-10-05T16:08:50-07:00,0,0
style.css,20,css,6b4cc451,CocoXu08,2025-10-05,16:08:50,-07:00,2025-10-05T16:08:50-07:00,0,0
style.css,21,css,6b4cc451,CocoXu08,2025-10-05,16:08:50,-07:00,2025-10-05T16:08:50-07:00,0,13
style.css,22,css,6b4cc451,CocoXu08,2025-10-05,16:08:50,-07:00,2025-10-05T16:08:50-07:00,1,43
style.css,23,css,6b4cc451,CocoXu08,2025-10-05,16:08:50,-07:00,2025-10-05T16:08:50-07:00,1,20
style.css,24,css,6b4cc451,CocoXu08,2025-10-05,16:08:50,-07:00,2025-10-05T16:08:50-07:00,1,16
style.css,25,css,6b4cc451,CocoXu08,2025-10-05,16:08:50,-07:00,2025-10-05T16:08:50-07:00,0,0
style.css,26,css,6b4cc451,CocoXu08,2025-10-05,16:08:50,-07:00,2025-10-05T16:08:50-07:00,0,0
style.css,27,css,6b4cc451,CocoXu08,2025-10-05,16:08:50,-07:00,2025-10-05T16:08:50-07:00,0,11
style.css,28,css,6b4cc451,CocoXu08,2025-10-05,16:08:50,-07:00,2025-10-05T16:08:50-07:00,1,45
style.css,29,css,4b5cdd3f,CocoXu08,2025-10-15,22:17:06,-07:00,2025-10-15T22:17:06-07:00,1,69
style.css,30,css,6b4cc451,CocoXu08,2025-10-05,16:08:50,-07:00,2025-10-05T16:08:50-07:00,0,0
style.css,31,css,6b4cc451,CocoXu08,2025-10-05,16:08:50,-07:00,2025-10-05T16:08:50-07:00,0,0
style.css,32,css,d4bbc4d2,CocoXu08,2025-10-01,16:55:59,-07:00,2025-10-01T16:55:59-07:00,0,4
style.css,33,css,d4bbc4d2,CocoXu08,2025-10-01,16:55:59,-07:00,2025-10-01T16:55:59-07:00,1,23
style.css,34,css,6b4cc451,CocoXu08,2025-10-05,16:08:50,-07:00,2025-10-05T16:08:50-07:00,1,15
style.css,35,css,6b4cc451,CocoXu08,2025-10-05,16:08:50,-07:00,2025-10-05T16:08:50-07:00,1,18
style.css,36,css,af757133,CocoXu08,2025-10-16,22:45:48,-07:00,2025-10-16T22:45:48-07:00,1,22
style.css,37,css,6b4cc451,CocoXu08,2025-10-05,16:08:50,-07:00,2025-10-05T16:08:50-07:00,1,21
style.css,38,css,d4bbc4d2,CocoXu08,2025-10-01,16:55:59,-07:00,2025-10-01T16:55:59-07:00,0,0
style.css,39,css,d4bbc4d2,CocoXu08,2025-10-01,16:55:59,-07:00,2025-10-01T16:55:59-07:00,0,0
style.css,40,css,d4bbc4d2,CocoXu08,2025-10-01,16:55:59,-07:00,2025-10-01T16:55:59-07:00,0,4
style.css,41,css,a65dcadf,CocoXu08,2025-10-05,14:18:55,-07:00,2025-10-05T14:18:55-07:00,1,12
style.css,42,css,a65dcadf,CocoXu08,2025-10-05,14:18:55,-07:00,2025-10-05T14:18:55-07:00,1,29
style.css,43,css,a65dcadf,CocoXu08,2025-10-05,14:18:55,-07:00,2025-10-05T14:18:55-07:00,1,20
style.css,44,css,d4bbc4d2,CocoXu08,2025-10-01,16:55:59,-07:00,2025-10-01T16:55:59-07:00,0,0
style.css,45,css,d4bbc4d2,CocoXu08,2025-10-01,16:55:59,-07:00,2025-10-01T16:55:59-07:00,0,0
style.css,46,css,6b4cc451,CocoXu08,2025-10-05,16:08:50,-07:00,2025-10-05T16:08:50-07:00,0,0
style.css,47,css,6b4cc451,CocoXu08,2025-10-05,16:08:50,-07:00,2025-10-05T16:08:50-07:00,0,4
style.css,48,css,6b4cc451,CocoXu08,2025-10-05,16:08:50,-07:00,2025-10-05T16:08:50-07:00,1,12
style.css,49,css,6b4cc451,CocoXu08,2025-10-05,16:08:50,-07:00,2025-10-05T16:08:50-07:00,1,30
style.css,50,css,6b4cc451,CocoXu08,2025-10-05,16:08:50,-07:00,2025-10-05T16:08:50-07:00,1,7
style.css,51,css,6b4cc451,CocoXu08,2025-10-05,16:08:50,-07:00,2025-10-05T16:08:50-07:00,0,0
style.css,52,css,6b4cc451,CocoXu08,2025-10-05,16:08:50,-07:00,2025-10-05T16:08:50-07:00,0,0
style.css,53,css,6b4cc451,CocoXu08,2025-10-05,16:08:50,-07:00,2025-10-05T16:08:50-07:00,0,4
style.css,54,css,6b4cc451,CocoXu08,2025-10-05,16:08:50,-07:00,2025-10-05T16:08:50-07:00,1,16
style.css,55,css,6b4cc451,CocoXu08,2025-10-05,16:08:50,-07:00,2025-10-05T16:08:50-07:00,1,29
style.css,56,css,6b4cc451,CocoXu08,2025-10-05,16:08:50,-07:00,2025-10-05T16:08:50-07:00,1,18
style.css,57,css,6b4cc451,CocoXu08,2025-10-05,16:08:50,-07:00,2025-10-05T16:08:50-07:00,0,0
style.css,58,css,6b4cc451,CocoXu08,2025-10-05,16:08:50,-07:00,2025-10-05T16:08:50-07:00,0,0
style.css,59,css,6b4cc451,CocoXu08,2025-10-05,16:08:50,-07:00,2025-10-05T16:08:50-07:00,0,5
style.css,60,css,6b4cc451,CocoXu08,2025-10-05,16:08:50,-07:00,2025-10-05T16:08:50-07:00,1,18
style.css,61,css,6b4cc451,CocoXu08,2025-10-05,16:08:50,-07:00,2025-10-05T16:08:50-07:00,0,0
style.css,62,css,6b4cc451,CocoXu08,2025-10-05,16:08:50,-07:00,2025-10-05T16:08:50-07:00,0,0
style.css,63,css,6b4cc451,CocoXu08,2025-10-05,16:08:50,-07:00,2025-10-05T16:08:50-07:00,0,8
style.css,64,css,6b4cc451,CocoXu08,2025-10-05,16:08:50,-07:00,2025-10-05T16:08:50-07:00,1,12
style.css,65,css,6b4cc451,CocoXu08,2025-10-05,16:08:50,-07:00,2025-10-05T16:08:50-07:00,1,56
style.css,66,css,6b4cc451,CocoXu08,2025-10-05,16:08:50,-07:00,2025-10-05T16:08:50-07:00,0,0
style.css,67,css,6b4cc451,CocoXu08,2025-10-05,16:08:50,-07:00,2025-10-05T16:08:50-07:00,0,0
style.css,68,css,6b4cc451,CocoXu08,2025-10-05,16:08:50,-07:00,2025-10-05T16:08:50-07:00,0,16
style.css,69,css,6b4cc451,CocoXu08,2025-10-05,16:08:50,-07:00,2025-10-05T16:08:50-07:00,1,12
style.css,70,css,6b4cc451,CocoXu08,2025-10-05,16:08:50,-07:00,2025-10-05T16:08:50-07:00,1,26
style.css,71,css,6b4cc451,CocoXu08,2025-10-05,16:08:50,-07:00,2025-10-05T16:08:50-07:00,1,15
style.css,72,css,6b4cc451,CocoXu08,2025-10-05,16:08:50,-07:00,2025-10-05T16:08:50-07:00,1,6
style.css,73,css,6b4cc451,CocoXu08,2025-10-05,16:08:50,-07:00,2025-10-05T16:08:50-07:00,0,0
style.css,74,css,6b4cc451,CocoXu08,2025-10-05,16:08:50,-07:00,2025-10-05T16:08:50-07:00,0,0
style.css,75,css,6b4cc451,CocoXu08,2025-10-05,16:08:50,-07:00,2025-10-05T16:08:50-07:00,0,12
style.css,76,css,6b4cc451,CocoXu08,2025-10-05,16:08:50,-07:00,2025-10-05T16:08:50-07:00,1,8
style.css,77,css,6b4cc451,CocoXu08,2025-10-05,16:08:50,-07:00,2025-10-05T16:08:50-07:00,0,0
style.css,78,css,6b4cc451,CocoXu08,2025-10-05,16:08:50,-07:00,2025-10-05T16:08:50-07:00,0,0
style.css,79,css,6b4cc451,CocoXu08,2025-10-05,16:08:50,-07:00,2025-10-05T16:08:50-07:00,0,22
style.css,80,css,6b4cc451,CocoXu08,2025-10-05,16:08:50,-07:00,2025-10-05T16:08:50-07:00,1,15
style.css,81,css,6b4cc451,CocoXu08,2025-10-05,16:08:50,-07:00,2025-10-05T16:08:50-07:00,1,17
style.css,82,css,6b4cc451,CocoXu08,2025-10-05,16:08:50,-07:00,2025-10-05T16:08:50-07:00,0,0
style.css,83,css,6b4cc451,CocoXu08,2025-10-05,16:08:50,-07:00,2025-10-05T16:08:50-07:00,0,0
style.css,84,css,6b4cc451,CocoXu08,2025-10-05,16:08:50,-07:00,2025-10-05T16:08:50-07:00,0,2
style.css,85,css,6b4cc451,CocoXu08,2025-10-05,16:08:50,-07:00,2025-10-05T16:08:50-07:00,1,14
style.css,86,css,6b4cc451,CocoXu08,2025-10-05,16:08:50,-07:00,2025-10-05T16:08:50-07:00,0,0
style.css,87,css,6b4cc451,CocoXu08,2025-10-05,16:08:50,-07:00,2025-10-05T16:08:50-07:00,0,0
style.css,88,css,6b4cc451,CocoXu08,2025-10-05,16:08:50,-07:00,2025-10-05T16:08:50-07:00,0,0
style.css,89,css,6b4cc451,CocoXu08,2025-10-05,16:08:50,-07:00,2025-10-05T16:08:50-07:00,0,15
style.css,90,css,6b4cc451,CocoXu08,2025-10-05,16:08:50,-07:00,2025-10-05T16:08:50-07:00,0,6
style.css,91,css,6b4cc451,CocoXu08,2025-10-05,16:08:50,-07:00,2025-10-05T16:08:50-07:00,1,17
style.css,92,css,6b4cc451,CocoXu08,2025-10-05,16:08:50,-07:00,2025-10-05T16:08:50-07:00,0,0
style.css,93,css,6b4cc451,CocoXu08,2025-10-05,16:08:50,-07:00,2025-10-05T16:08:50-07:00,0,0
style.css,94,css,6b4cc451,CocoXu08,2025-10-05,16:08:50,-07:00,2025-10-05T16:08:50-07:00,0,9
style.css,95,css,6b4cc451,CocoXu08,2025-10-05,16:08:50,-07:00,2025-10-05T16:08:50-07:00,1,11
style.css,96,css,6b4cc451,CocoXu08,2025-10-05,16:08:50,-07:00,2025-10-05T16:08:50-07:00,1,16
style.css,97,css,6b4cc451,CocoXu08,2025-10-05,16:08:50,-07:00,2025-10-05T16:08:50-07:00,1,15
style.css,98,css,6b4cc451,CocoXu08,2025-10-05,16:08:50,-07:00,2025-10-05T16:08:50-07:00,0,0
style.css,99,css,6b4cc451,CocoXu08,2025-10-05,16:08:50,-07:00,2025-10-05T16:08:50-07:00,0,0
style.css,100,css,6b4cc451,CocoXu08,2025-10-05,16:08:50,-07:00,2025-10-05T16:08:50-07:00,0,8
style.css,101,css,6b4cc451,CocoXu08,2025-10-05,16:08:50,-07:00,2025-10-05T16:08:50-07:00,1,12
style.css,102,css,6b4cc451,CocoXu08,2025-10-05,16:08:50,-07:00,2025-10-05T16:08:50-07:00,1,14
style.css,103,css,6b4cc451,CocoXu08,2025-10-05,16:08:50,-07:00,2025-10-05T16:08:50-07:00,1,17
style.css,104,css,6b4cc451,CocoXu08,2025-10-05,16:08:50,-07:00,2025-10-05T16:08:50-07:00,1,8
style.css,105,css,6b4cc451,CocoXu08,2025-10-05,16:08:50,-07:00,2025-10-05T16:08:50-07:00,1,22
style.css,106,css,6b4cc451,CocoXu08,2025-10-05,16:08:50,-07:00,2025-10-05T16:08:50-07:00,1,16
style.css,107,css,6b4cc451,CocoXu08,2025-10-05,16:08:50,-07:00,2025-10-05T16:08:50-07:00,1,12
style.css,108,css,6b4cc451,CocoXu08,2025-10-05,16:08:50,-07:00,2025-10-05T16:08:50-07:00,0,0
style.css,109,css,6b4cc451,CocoXu08,2025-10-05,16:08:50,-07:00,2025-10-05T16:08:50-07:00,0,0
style.css,110,css,6b4cc451,CocoXu08,2025-10-05,16:08:50,-07:00,2025-10-05T16:08:50-07:00,0,10
style.css,111,css,6b4cc451,CocoXu08,2025-10-05,16:08:50,-07:00,2025-10-05T16:08:50-07:00,1,27
style.css,112,css,6b4cc451,CocoXu08,2025-10-05,16:08:50,-07:00,2025-10-05T16:08:50-07:00,1,20
style.css,113,css,6b4cc451,CocoXu08,2025-10-05,16:08:50,-07:00,2025-10-05T16:08:50-07:00,0,0
style.css,114,css,6b4cc451,CocoXu08,2025-10-05,16:08:50,-07:00,2025-10-05T16:08:50-07:00,0,0
style.css,115,css,6b4cc451,CocoXu08,2025-10-05,16:08:50,-07:00,2025-10-05T16:08:50-07:00,0,16
style.css,116,css,6b4cc451,CocoXu08,2025-10-05,16:08:50,-07:00,2025-10-05T16:08:50-07:00,1,22
style.css,117,css,6b4cc451,CocoXu08,2025-10-05,16:08:50,-07:00,2025-10-05T16:08:50-07:00,1,25
style.css,118,css,6b4cc451,CocoXu08,2025-10-05,16:08:50,-07:00,2025-10-05T16:08:50-07:00,0,0
style.css,119,css,6b4cc451,CocoXu08,2025-10-05,16:08:50,-07:00,2025-10-05T16:08:50-07:00,0,0
style.css,120,css,6b4cc451,CocoXu08,2025-10-05,16:08:50,-07:00,2025-10-05T16:08:50-07:00,0,12
style.css,121,css,6b4cc451,CocoXu08,2025-10-05,16:08:50,-07:00,2025-10-05T16:08:50-07:00,1,43
style.css,122,css,6b4cc451,CocoXu08,2025-10-05,16:08:50,-07:00,2025-10-05T16:08:50-07:00,1,15
style.css,123,css,6b4cc451,CocoXu08,2025-10-05,16:08:50,-07:00,2025-10-05T16:08:50-07:00,0,0
style.css,124,css,6b4cc451,CocoXu08,2025-10-05,16:08:50,-07:00,2025-10-05T16:08:50-07:00,0,0
style.css,125,css,d4bbc4d2,CocoXu08,2025-10-01,16:55:59,-07:00,2025-10-01T16:55:59-07:00,0,6
style.css,126,css,6b4cc451,CocoXu08,2025-10-05,16:08:50,-07:00,2025-10-05T16:08:50-07:00,1,16
style.css,127,css,6b4cc451,CocoXu08,2025-10-05,16:08:50,-07:00,2025-10-05T16:08:50-07:00,1,16
style.css,128,css,6b4cc451,CocoXu08,2025-10-05,16:08:50,-07:00,2025-10-05T16:08:50-07:00,0,0
style.css,129,css,6b4cc451,CocoXu08,2025-10-05,16:08:50,-07:00,2025-10-05T16:08:50-07:00,0,0
style.css,130,css,6b4cc451,CocoXu08,2025-10-05,16:08:50,-07:00,2025-10-05T16:08:50-07:00,0,14
style.css,131,css,6b4cc451,CocoXu08,2025-10-05,16:08:50,-07:00,2025-10-05T16:08:50-07:00,1,18
style.css,132,css,d4bbc4d2,CocoXu08,2025-10-01,16:55:59,-07:00,2025-10-01T16:55:59-07:00,0,0
style.css,133,css,d4bbc4d2,CocoXu08,2025-10-01,16:55:59,-07:00,2025-10-01T16:55:59-07:00,0,0
style.css,134,css,6b4cc451,CocoXu08,2025-10-05,16:08:50,-07:00,2025-10-05T16:08:50-07:00,0,8
style.css,135,css,6b4cc451,CocoXu08,2025-10-05,16:08:50,-07:00,2025-10-05T16:08:50-07:00,1,16
style.css,136,css,6b4cc451,CocoXu08,2025-10-05,16:08:50,-07:00,2025-10-05T16:08:50-07:00,1,16
style.css,137,css,6b4cc451,CocoXu08,2025-10-05,16:08:50,-07:00,2025-10-05T16:08:50-07:00,0,0
style.css,138,css,6b4cc451,CocoXu08,2025-10-05,16:08:50,-07:00,2025-10-05T16:08:50-07:00,0,0
style.css,139,css,6b4cc451,CocoXu08,2025-10-05,16:08:50,-07:00,2025-10-05T16:08:50-07:00,0,19
style.css,140,css,6b4cc451,CocoXu08,2025-10-05,16:08:50,-07:00,2025-10-05T16:08:50-07:00,1,17
style.css,141,css,6b4cc451,CocoXu08,2025-10-05,16:08:50,-07:00,2025-10-05T16:08:50-07:00,1,16
style.css,142,css,6b4cc451,CocoXu08,2025-10-05,16:08:50,-07:00,2025-10-05T16:08:50-07:00,0,0
style.css,143,css,6b4cc451,CocoXu08,2025-10-05,16:08:50,-07:00,2025-10-05T16:08:50-07:00,0,0
style.css,144,css,6b4cc451,CocoXu08,2025-10-05,16:08:50,-07:00,2025-10-05T16:08:50-07:00,0,22
style.css,145,css,6b4cc451,CocoXu08,2025-10-05,16:08:50,-07:00,2025-10-05T16:08:50-07:00,1,17
style.css,146,css,6b4cc451,CocoXu08,2025-10-05,16:08:50,-07:00,2025-10-05T16:08:50-07:00,1,16
style.css,147,css,6b4cc451,CocoXu08,2025-10-05,16:08:50,-07:00,2025-10-05T16:08:50-07:00,0,0
style.css,148,css,6b4cc451,CocoXu08,2025-10-05,16:08:50,-07:00,2025-10-05T16:08:50-07:00,0,0
style.css,149,css,6b4cc451,CocoXu08,2025-10-05,16:08:50,-07:00,2025-10-05T16:08:50-07:00,0,20
style.css,150,css,6b4cc451,CocoXu08,2025-10-05,16:08:50,-07:00,2025-10-05T16:08:50-07:00,1,28
style.css,151,css,6b4cc451,CocoXu08,2025-10-05,16:08:50,-07:00,2025-10-05T16:08:50-07:00,1,17
style.css,152,css,6b4cc451,CocoXu08,2025-10-05,16:08:50,-07:00,2025-10-05T16:08:50-07:00,1,15
style.css,153,css,6b4cc451,CocoXu08,2025-10-05,16:08:50,-07:00,2025-10-05T16:08:50-07:00,0,0
style.css,154,css,6b4cc451,CocoXu08,2025-10-05,16:08:50,-07:00,2025-10-05T16:08:50-07:00,0,0
style.css,155,css,6b4cc451,CocoXu08,2025-10-05,16:08:50,-07:00,2025-10-05T16:08:50-07:00,0,15
style.css,156,css,6b4cc451,CocoXu08,2025-10-05,16:08:50,-07:00,2025-10-05T16:08:50-07:00,1,17
style.css,157,css,6b4cc451,CocoXu08,2025-10-05,16:08:50,-07:00,2025-10-05T16:08:50-07:00,1,20
style.css,158,css,6b4cc451,CocoXu08,2025-10-05,16:08:50,-07:00,2025-10-05T16:08:50-07:00,0,0
style.css,159,css,6b4cc451,CocoXu08,2025-10-05,16:08:50,-07:00,2025-10-05T16:08:50-07:00,0,0
style.css,160,css,4b5cdd3f,CocoXu08,2025-10-15,22:17:06,-07:00,2025-10-15T22:17:06-07:00,0,4
style.css,161,css,4b5cdd3f,CocoXu08,2025-10-15,22:17:06,-07:00,2025-10-15T22:17:06-07:00,1,23
style.css,162,css,4b5cdd3f,CocoXu08,2025-10-15,22:17:06,-07:00,2025-10-15T22:17:06-07:00,1,23
style.css,163,css,4b5cdd3f,CocoXu08,2025-10-15,22:17:06,-07:00,2025-10-15T22:17:06-07:00,1,16
style.css,164,css,4b5cdd3f,CocoXu08,2025-10-15,22:17:06,-07:00,2025-10-15T22:17:06-07:00,0,0
style.css,165,css,4b5cdd3f,CocoXu08,2025-10-15,22:17:06,-07:00,2025-10-15T22:17:06-07:00,0,0
style.css,166,css,4b5cdd3f,CocoXu08,2025-10-15,22:17:06,-07:00,2025-10-15T22:17:06-07:00,0,0
style.css,167,css,4b5cdd3f,CocoXu08,2025-10-15,22:17:06,-07:00,2025-10-15T22:17:06-07:00,0,3
style.css,168,css,4b5cdd3f,CocoXu08,2025-10-15,22:17:06,-07:00,2025-10-15T22:17:06-07:00,1,39
style.css,169,css,4b5cdd3f,CocoXu08,2025-10-15,22:17:06,-07:00,2025-10-15T22:17:06-07:00,1,43
style.css,170,css,4b5cdd3f,CocoXu08,2025-10-15,22:17:06,-07:00,2025-10-15T22:17:06-07:00,0,0
style.css,171,css,4b5cdd3f,CocoXu08,2025-10-15,22:17:06,-07:00,2025-10-15T22:17:06-07:00,0,0
style.css,172,css,bb4bf09c,CocoXu08,2025-10-22,14:10:04,-07:00,2025-10-22T14:10:04-07:00,0,30
style.css,173,css,bb4bf09c,CocoXu08,2025-10-22,14:10:04,-07:00,2025-10-22T14:10:04-07:00,0,9
style.css,174,css,bb4bf09c,CocoXu08,2025-10-22,14:10:04,-07:00,2025-10-22T14:10:04-07:00,1,12
style.css,175,css,bb4bf09c,CocoXu08,2025-10-22,14:10:04,-07:00,2025-10-22T14:10:04-07:00,1,58
style.css,176,css,bb4bf09c,CocoXu08,2025-10-22,14:10:04,-07:00,2025-10-22T14:10:04-07:00,1,45
style.css,177,css,bb4bf09c,CocoXu08,2025-10-22,14:10:04,-07:00,2025-10-22T14:10:04-07:00,1,46
style.css,178,css,bb4bf09c,CocoXu08,2025-10-22,14:10:04,-07:00,2025-10-22T14:10:04-07:00,1,15
style.css,179,css,bb4bf09c,CocoXu08,2025-10-22,14:10:04,-07:00,2025-10-22T14:10:04-07:00,0,0
style.css,180,css,bb4bf09c,CocoXu08,2025-10-22,14:10:04,-07:00,2025-10-22T14:10:04-07:00,0,0
style.css,181,css,bb4bf09c,CocoXu08,2025-10-22,14:10:04,-07:00,2025-10-22T14:10:04-07:00,0,28
style.css,182,css,bb4bf09c,CocoXu08,2025-10-22,14:10:04,-07:00,2025-10-22T14:10:04-07:00,0,17
style.css,183,css,bb4bf09c,CocoXu08,2025-10-22,14:10:04,-07:00,2025-10-22T14:10:04-07:00,1,65
style.css,184,css,bb4bf09c,CocoXu08,2025-10-22,14:10:04,-07:00,2025-10-22T14:10:04-07:00,1,12
style.css,185,css,bb4bf09c,CocoXu08,2025-10-22,14:10:04,-07:00,2025-10-22T14:10:04-07:00,1,18
style.css,186,css,bb4bf09c,CocoXu08,2025-10-22,14:10:04,-07:00,2025-10-22T14:10:04-07:00,1,17
style.css,187,css,bb4bf09c,CocoXu08,2025-10-22,14:10:04,-07:00,2025-10-22T14:10:04-07:00,1,15
style.css,188,css,bb4bf09c,CocoXu08,2025-10-22,14:10:04,-07:00,2025-10-22T14:10:04-07:00,1,40
style.css,189,css,bb4bf09c,CocoXu08,2025-10-22,14:10:04,-07:00,2025-10-22T14:10:04-07:00,0,0
style.css,190,css,bb4bf09c,CocoXu08,2025-10-22,14:10:04,-07:00,2025-10-22T14:10:04-07:00,0,0
style.css,191,css,bb4bf09c,CocoXu08,2025-10-22,14:10:04,-07:00,2025-10-22T14:10:04-07:00,0,30
style.css,192,css,bb4bf09c,CocoXu08,2025-10-22,14:10:04,-07:00,2025-10-22T14:10:04-07:00,0,13
style.css,193,css,bb4bf09c,CocoXu08,2025-10-22,14:10:04,-07:00,2025-10-22T14:10:04-07:00,1,10
style.css,194,css,bb4bf09c,CocoXu08,2025-10-22,14:10:04,-07:00,2025-10-22T14:10:04-07:00,1,11
style.css,195,css,bb4bf09c,CocoXu08,2025-10-22,14:10:04,-07:00,2025-10-22T14:10:04-07:00,1,17
style.css,196,css,bb4bf09c,CocoXu08,2025-10-22,14:10:04,-07:00,2025-10-22T14:10:04-07:00,1,13
style.css,197,css,bb4bf09c,CocoXu08,2025-10-22,14:10:04,-07:00,2025-10-22T14:10:04-07:00,1,20
style.css,198,css,bb4bf09c,CocoXu08,2025-10-22,14:10:04,-07:00,2025-10-22T14:10:04-07:00,0,0
style.css,199,css,bb4bf09c,CocoXu08,2025-10-22,14:10:04,-07:00,2025-10-22T14:10:04-07:00,0,0
style.css,200,css,bb4bf09c,CocoXu08,2025-10-22,14:10:04,-07:00,2025-10-22T14:10:04-07:00,0,0
style.css,201,css,4b5cdd3f,CocoXu08,2025-10-15,22:17:06,-07:00,2025-10-15T22:17:06-07:00,0,0
style.css,202,css,4b5cdd3f,CocoXu08,2025-10-15,22:17:06,-07:00,2025-10-15T22:17:06-07:00,0,28
style.css,203,css,b19df5a8,CocoXu08,2025-10-16,22:21:11,-07:00,2025-10-16T22:21:11-07:00,0,0
style.css,204,css,b19df5a8,CocoXu08,2025-10-16,22:21:11,-07:00,2025-10-16T22:21:11-07:00,0,0
style.css,205,css,4b5cdd3f,CocoXu08,2025-10-15,22:17:06,-07:00,2025-10-15T22:17:06-07:00,0,13
style.css,206,css,4b5cdd3f,CocoXu08,2025-10-15,22:17:06,-07:00,2025-10-15T22:17:06-07:00,1,17
style.css,207,css,2aef9263,CocoXu08,2025-10-16,22:52:51,-07:00,2025-10-16T22:52:51-07:00,1,10
style.css,208,css,f003a571,CocoXu08,2025-10-16,22:13:18,-07:00,2025-10-16T22:13:18-07:00,1,10
style.css,209,css,4b5cdd3f,CocoXu08,2025-10-15,22:17:06,-07:00,2025-10-15T22:17:06-07:00,1,12
style.css,210,css,4b5cdd3f,CocoXu08,2025-10-15,22:17:06,-07:00,2025-10-15T22:17:06-07:00,0,0
style.css,211,css,f003a571,CocoXu08,2025-10-16,22:13:18,-07:00,2025-10-16T22:13:18-07:00,1,13
style.css,212,css,4b5cdd3f,CocoXu08,2025-10-15,22:17:06,-07:00,2025-10-15T22:17:06-07:00,1,19
style.css,213,css,4b5cdd3f,CocoXu08,2025-10-15,22:17:06,-07:00,2025-10-15T22:17:06-07:00,1,18
style.css,214,css,f003a571,CocoXu08,2025-10-16,22:13:18,-07:00,2025-10-16T22:13:18-07:00,1,10
style.css,215,css,4b5cdd3f,CocoXu08,2025-10-15,22:17:06,-07:00,2025-10-15T22:17:06-07:00,0,0
style.css,216,css,f003a571,CocoXu08,2025-10-16,22:13:18,-07:00,2025-10-16T22:13:18-07:00,1,20
style.css,217,css,4b5cdd3f,CocoXu08,2025-10-15,22:17:06,-07:00,2025-10-15T22:17:06-07:00,1,62
style.css,218,css,f003a571,CocoXu08,2025-10-16,22:13:18,-07:00,2025-10-16T22:13:18-07:00,1,19
style.css,219,css,4b5cdd3f,CocoXu08,2025-10-15,22:17:06,-07:00,2025-10-15T22:17:06-07:00,0,0
style.css,220,css,4b5cdd3f,CocoXu08,2025-10-15,22:17:06,-07:00,2025-10-15T22:17:06-07:00,1,17
style.css,221,css,4b5cdd3f,CocoXu08,2025-10-15,22:17:06,-07:00,2025-10-15T22:17:06-07:00,1,16
style.css,222,css,f003a571,CocoXu08,2025-10-16,22:13:18,-07:00,2025-10-16T22:13:18-07:00,1,37
style.css,223,css,4b5cdd3f,CocoXu08,2025-10-15,22:17:06,-07:00,2025-10-15T22:17:06-07:00,0,0
style.css,224,css,4b5cdd3f,CocoXu08,2025-10-15,22:17:06,-07:00,2025-10-15T22:17:06-07:00,0,0
style.css,225,css,4b5cdd3f,CocoXu08,2025-10-15,22:17:06,-07:00,2025-10-15T22:17:06-07:00,0,46
style.css,226,css,4b5cdd3f,CocoXu08,2025-10-15,22:17:06,-07:00,2025-10-15T22:17:06-07:00,0,48
style.css,227,css,4b5cdd3f,CocoXu08,2025-10-15,22:17:06,-07:00,2025-10-15T22:17:06-07:00,0,0
style.css,228,css,4b5cdd3f,CocoXu08,2025-10-15,22:17:06,-07:00,2025-10-15T22:17:06-07:00,0,20
style.css,229,css,4b5cdd3f,CocoXu08,2025-10-15,22:17:06,-07:00,2025-10-15T22:17:06-07:00,1,17
style.css,230,css,4b5cdd3f,CocoXu08,2025-10-15,22:17:06,-07:00,2025-10-15T22:17:06-07:00,1,16
style.css,231,css,4b5cdd3f,CocoXu08,2025-10-15,22:17:06,-07:00,2025-10-15T22:17:06-07:00,1,62
style.css,232,css,f003a571,CocoXu08,2025-10-16,22:13:18,-07:00,2025-10-16T22:13:18-07:00,1,19
style.css,233,css,f003a571,CocoXu08,2025-10-16,22:13:18,-07:00,2025-10-16T22:13:18-07:00,1,19
style.css,234,css,f003a571,CocoXu08,2025-10-16,22:13:18,-07:00,2025-10-16T22:13:18-07:00,1,15
style.css,235,css,6b4cc451,CocoXu08,2025-10-05,16:08:50,-07:00,2025-10-05T16:08:50-07:00,0,0
style.css,236,css,6b4cc451,CocoXu08,2025-10-05,16:08:50,-07:00,2025-10-05T16:08:50-07:00,0,0
style.css,237,css,6b4cc451,CocoXu08,2025-10-05,16:08:50,-07:00,2025-10-05T16:08:50-07:00,0,0
style.css,238,css,1b4549c2,CocoXu08,2025-10-22,13:45:01,-07:00,2025-10-22T13:45:01-07:00,0,0
style.css,239,css,1b4549c2,CocoXu08,2025-10-22,13:45:01,-07:00,2025-10-22T13:45:01-07:00,0,0
style.css,240,css,1b4549c2,CocoXu08,2025-10-22,13:45:01,-07:00,2025-10-22T13:45:01-07:00,0,6
style.css,241,css,bb4bf09c,CocoXu08,2025-10-22,14:10:04,-07:00,2025-10-22T14:10:04-07:00,0,23
style.css,242,css,bb4bf09c,CocoXu08,2025-10-22,14:10:04,-07:00,2025-10-22T14:10:04-07:00,0,9
style.css,243,css,1b4549c2,CocoXu08,2025-10-22,13:45:01,-07:00,2025-10-22T13:45:01-07:00,1,12
style.css,244,css,bb4bf09c,CocoXu08,2025-10-22,14:10:04,-07:00,2025-10-22T14:10:04-07:00,1,58
style.css,245,css,bb4bf09c,CocoXu08,2025-10-22,14:10:04,-07:00,2025-10-22T14:10:04-07:00,1,10
style.css,246,css,bb4bf09c,CocoXu08,2025-10-22,14:10:04,-07:00,2025-10-22T14:10:04-07:00,1,20
style.css,247,css,bb4bf09c,CocoXu08,2025-10-22,14:10:04,-07:00,2025-10-22T14:10:04-07:00,1,46
style.css,248,css,bb4bf09c,CocoXu08,2025-10-22,14:10:04,-07:00,2025-10-22T14:10:04-07:00,1,17
style.css,249,css,1b4549c2,CocoXu08,2025-10-22,13:45:01,-07:00,2025-10-22T13:45:01-07:00,0,0
style.css,250,css,1b4549c2,CocoXu08,2025-10-22,13:45:01,-07:00,2025-10-22T13:45:01-07:00,0,0
style.css,251,css,bb4bf09c,CocoXu08,2025-10-22,14:10:04,-07:00,2025-10-22T14:10:04-07:00,0,17
style.css,252,css,bb4bf09c,CocoXu08,2025-10-22,14:10:04,-07:00,2025-10-22T14:10:04-07:00,0,17
style.css,253,css,bb4bf09c,CocoXu08,2025-10-22,14:10:04,-07:00,2025-10-22T14:10:04-07:00,1,36
style.css,254,css,bb4bf09c,CocoXu08,2025-10-22,14:10:04,-07:00,2025-10-22T14:10:04-07:00,1,18
style.css,255,css,bb4bf09c,CocoXu08,2025-10-22,14:10:04,-07:00,2025-10-22T14:10:04-07:00,1,12
style.css,256,css,bb4bf09c,CocoXu08,2025-10-22,14:10:04,-07:00,2025-10-22T14:10:04-07:00,1,15
style.css,257,css,bb4bf09c,CocoXu08,2025-10-22,14:10:04,-07:00,2025-10-22T14:10:04-07:00,1,64
style.css,258,css,1b4549c2,CocoXu08,2025-10-22,13:45:01,-07:00,2025-10-22T13:45:01-07:00,1,17
style.css,259,css,bb4bf09c,CocoXu08,2025-10-22,14:10:04,-07:00,2025-10-22T14:10:04-07:00,1,12
style.css,260,css,bb4bf09c,CocoXu08,2025-10-22,14:10:04,-07:00,2025-10-22T14:10:04-07:00,1,21
style.css,261,css,bb4bf09c,CocoXu08,2025-10-22,14:10:04,-07:00,2025-10-22T14:10:04-07:00,1,26
style.css,262,css,bb4bf09c,CocoXu08,2025-10-22,14:10:04,-07:00,2025-10-22T14:10:04-07:00,1,18
style.css,263,css,bb4bf09c,CocoXu08,2025-10-22,14:10:04,-07:00,2025-10-22T14:10:04-07:00,1,37
style.css,264,css,1b4549c2,CocoXu08,2025-10-22,13:45:01,-07:00,2025-10-22T13:45:01-07:00,0,0
style.css,265,css,1b4549c2,CocoXu08,2025-10-22,13:45:01,-07:00,2025-10-22T13:45:01-07:00,0,0
style.css,266,css,bb4bf09c,CocoXu08,2025-10-22,14:10:04,-07:00,2025-10-22T14:10:04-07:00,0,17
style.css,267,css,bb4bf09c,CocoXu08,2025-10-22,14:10:04,-07:00,2025-10-22T14:10:04-07:00,0,13
style.css,268,css,bb4bf09c,CocoXu08,2025-10-22,14:10:04,-07:00,2025-10-22T14:10:04-07:00,1,10
style.css,269,css,bb4bf09c,CocoXu08,2025-10-22,14:10:04,-07:00,2025-10-22T14:10:04-07:00,1,56
style.css,270,css,bb4bf09c,CocoXu08,2025-10-22,14:10:04,-07:00,2025-10-22T14:10:04-07:00,1,53
style.css,271,css,bb4bf09c,CocoXu08,2025-10-22,14:10:04,-07:00,2025-10-22T14:10:04-07:00,1,18
style.css,272,css,bb4bf09c,CocoXu08,2025-10-22,14:10:04,-07:00,2025-10-22T14:10:04-07:00,1,17
style.css,273,css,1b4549c2,CocoXu08,2025-10-22,13:45:01,-07:00,2025-10-22T13:45:01-07:00,0,0
style.css,274,css,ca493f16,CocoXu08,2025-10-22,16:29:45,-07:00,2025-10-22T16:29:45-07:00,0,0
style.css,275,css,ca493f16,CocoXu08,2025-10-22,16:29:45,-07:00,2025-10-22T16:29:45-07:00,0,21
style.css,276,css,ca493f16,CocoXu08,2025-10-22,16:29:45,-07:00,2025-10-22T16:29:45-07:00,0,14
style.css,277,css,ca493f16,CocoXu08,2025-10-22,16:29:45,-07:00,2025-10-22T16:29:45-07:00,1,15
style.css,278,css,ca493f16,CocoXu08,2025-10-22,16:29:45,-07:00,2025-10-22T16:29:45-07:00,1,18
style.css,279,css,ca493f16,CocoXu08,2025-10-22,16:29:45,-07:00,2025-10-22T16:29:45-07:00,1,20
style.css,280,css,ca493f16,CocoXu08,2025-10-22,16:29:45,-07:00,2025-10-22T16:29:45-07:00,1,18
style.css,281,css,ca493f16,CocoXu08,2025-10-22,16:29:45,-07:00,2025-10-22T16:29:45-07:00,1,33
style.css,282,css,ca493f16,CocoXu08,2025-10-22,16:29:45,-07:00,2025-10-22T16:29:45-07:00,1,38
style.css,283,css,ca493f16,CocoXu08,2025-10-22,16:29:45,-07:00,2025-10-22T16:29:45-07:00,0,0
style.css,284,css,ca493f16,CocoXu08,2025-10-22,16:29:45,-07:00,2025-10-22T16:29:45-07:00,0,0
style.css,285,css,ca493f16,CocoXu08,2025-10-22,16:29:45,-07:00,2025-10-22T16:29:45-07:00,0,73
style.css,286,css,ca493f16,CocoXu08,2025-10-22,16:29:45,-07:00,2025-10-22T16:29:45-07:00,0,17
style.css,287,css,ca493f16,CocoXu08,2025-10-22,16:29:45,-07:00,2025-10-22T16:29:45-07:00,1,12
style.css,288,css,ca493f16,CocoXu08,2025-10-22,16:29:45,-07:00,2025-10-22T16:29:45-07:00,1,36
style.css,289,css,ca493f16,CocoXu08,2025-10-22,16:29:45,-07:00,2025-10-22T16:29:45-07:00,1,19
style.css,290,css,ca493f16,CocoXu08,2025-10-22,16:29:45,-07:00,2025-10-22T16:29:45-07:00,1,15
style.css,291,css,ca493f16,CocoXu08,2025-10-22,16:29:45,-07:00,2025-10-22T16:29:45-07:00,1,8
style.css,292,css,ca493f16,CocoXu08,2025-10-22,16:29:45,-07:00,2025-10-22T16:29:45-07:00,0,0
style.css,293,css,ca493f16,CocoXu08,2025-10-22,16:29:45,-07:00,2025-10-22T16:29:45-07:00,0,0
style.css,294,css,ca493f16,CocoXu08,2025-10-22,16:29:45,-07:00,2025-10-22T16:29:45-07:00,0,17
style.css,295,css,ca493f16,CocoXu08,2025-10-22,16:29:45,-07:00,2025-10-22T16:29:45-07:00,1,10
style.css,296,css,ca493f16,CocoXu08,2025-10-22,16:29:45,-07:00,2025-10-22T16:29:45-07:00,1,15
style.css,297,css,ca493f16,CocoXu08,2025-10-22,16:29:45,-07:00,2025-10-22T16:29:45-07:00,1,12
style.css,298,css,ca493f16,CocoXu08,2025-10-22,16:29:45,-07:00,2025-10-22T16:29:45-07:00,1,17
style.css,299,css,ca493f16,CocoXu08,2025-10-22,16:29:45,-07:00,2025-10-22T16:29:45-07:00,0,0
style.css,300,css,ca493f16,CocoXu08,2025-10-22,16:29:45,-07:00,2025-10-22T16:29:45-07:00,0,0
style.css,301,css,ca493f16,CocoXu08,2025-10-22,16:29:45,-07:00,2025-10-22T16:29:45-07:00,0,17
style.css,302,css,ca493f16,CocoXu08,2025-10-22,16:29:45,-07:00,2025-10-22T16:29:45-07:00,1,10
style.css,303,css,ca493f16,CocoXu08,2025-10-22,16:29:45,-07:00,2025-10-22T16:29:45-07:00,1,8
style.css,304,css,ca493f16,CocoXu08,2025-10-22,16:29:45,-07:00,2025-10-22T16:29:45-07:00,1,17
style.css,305,css,ca493f16,CocoXu08,2025-10-22,16:29:45,-07:00,2025-10-22T16:29:45-07:00,1,15
style.css,306,css,ca493f16,CocoXu08,2025-10-22,16:29:45,-07:00,2025-10-22T16:29:45-07:00,1,45
style.css,307,css,ca493f16,CocoXu08,2025-10-22,16:29:45,-07:00,2025-10-22T16:29:45-07:00,0,0
style.css,308,css,ca493f16,CocoXu08,2025-10-22,16:29:45,-07:00,2025-10-22T16:29:45-07:00,0,0
style.css,309,css,ca493f16,CocoXu08,2025-10-22,16:29:45,-07:00,2025-10-22T16:29:45-07:00,0,21
style.css,310,css,ca493f16,CocoXu08,2025-10-22,16:29:45,-07:00,2025-10-22T16:29:45-07:00,0,25
style.css,311,css,ca493f16,CocoXu08,2025-10-22,16:29:45,-07:00,2025-10-22T16:29:45-07:00,1,17
style.css,312,css,ca493f16,CocoXu08,2025-10-22,16:29:45,-07:00,2025-10-22T16:29:45-07:00,2,36
style.css,313,css,ca493f16,CocoXu08,2025-10-22,16:29:45,-07:00,2025-10-22T16:29:45-07:00,2,14
style.css,314,css,ca493f16,CocoXu08,2025-10-22,16:29:45,-07:00,2025-10-22T16:29:45-07:00,1,0
style.css,315,css,ca493f16,CocoXu08,2025-10-22,16:29:45,-07:00,2025-10-22T16:29:45-07:00,0,0
style.css,316,css,ca493f16,CocoXu08,2025-10-22,16:29:45,-07:00,2025-10-22T16:29:45-07:00,0,0
style.css,317,css,06541f78,CocoXu08,2025-10-29,12:51:22,-07:00,2025-10-29T12:51:22-07:00,0,0
style.css,318,css,f2ef837c,CocoXu08,2025-10-29,20:13:17,-07:00,2025-10-29T20:13:17-07:00,0,9
style.css,319,css,f2ef837c,CocoXu08,2025-10-29,20:13:17,-07:00,2025-10-29T20:13:17-07:00,0,14
style.css,320,css,f2ef837c,CocoXu08,2025-10-29,20:13:17,-07:00,2025-10-29T20:13:17-07:00,1,14
style.css,321,css,f2ef837c,CocoXu08,2025-10-29,20:13:17,-07:00,2025-10-29T20:13:17-07:00,1,16
style.css,322,css,f2ef837c,CocoXu08,2025-10-29,20:13:17,-07:00,2025-10-29T20:13:17-07:00,0,0
style.css,323,css,f2ef837c,CocoXu08,2025-10-29,20:13:17,-07:00,2025-10-29T20:13:17-07:00,1,16
style.css,324,css,f2ef837c,CocoXu08,2025-10-29,20:13:17,-07:00,2025-10-29T20:13:17-07:00,0,0
style.css,325,css,f2ef837c,CocoXu08,2025-10-29,20:13:17,-07:00,2025-10-29T20:13:17-07:00,0,0
style.css,326,css,f2ef837c,CocoXu08,2025-10-29,20:13:17,-07:00,2025-10-29T20:13:17-07:00,0,7
style.css,327,css,f2ef837c,CocoXu08,2025-10-29,20:13:17,-07:00,2025-10-29T20:13:17-07:00,1,12
style.css,328,css,f2ef837c,CocoXu08,2025-10-29,20:13:17,-07:00,2025-10-29T20:13:17-07:00,1,57
style.css,329,css,f2ef837c,CocoXu08,2025-10-29,20:13:17,-07:00,2025-10-29T20:13:17-07:00,1,15
style.css,330,css,f2ef837c,CocoXu08,2025-10-29,20:13:17,-07:00,2025-10-29T20:13:17-07:00,1,21
style.css,331,css,f2ef837c,CocoXu08,2025-10-29,20:13:17,-07:00,2025-10-29T20:13:17-07:00,1,11
style.css,332,css,f2ef837c,CocoXu08,2025-10-29,20:13:17,-07:00,2025-10-29T20:13:17-07:00,1,17
style.css,333,css,f2ef837c,CocoXu08,2025-10-29,20:13:17,-07:00,2025-10-29T20:13:17-07:00,0,0
style.css,334,css,f2ef837c,CocoXu08,2025-10-29,20:13:17,-07:00,2025-10-29T20:13:17-07:00,0,0
style.css,335,css,f2ef837c,CocoXu08,2025-10-29,20:13:17,-07:00,2025-10-29T20:13:17-07:00,0,15
style.css,336,css,f2ef837c,CocoXu08,2025-10-29,20:13:17,-07:00,2025-10-29T20:13:17-07:00,1,9
style.css,337,css,f2ef837c,CocoXu08,2025-10-29,20:13:17,-07:00,2025-10-29T20:13:17-07:00,1,10
style.css,338,css,f2ef837c,CocoXu08,2025-10-29,20:13:17,-07:00,2025-10-29T20:13:17-07:00,1,29
style.css,339,css,f2ef837c,CocoXu08,2025-10-29,20:13:17,-07:00,2025-10-29T20:13:17-07:00,1,20
style.css,340,css,f2ef837c,CocoXu08,2025-10-29,20:13:17,-07:00,2025-10-29T20:13:17-07:00,1,18
style.css,341,css,f2ef837c,CocoXu08,2025-10-29,20:13:17,-07:00,2025-10-29T20:13:17-07:00,0,0
style.css,342,css,f2ef837c,CocoXu08,2025-10-29,20:13:17,-07:00,2025-10-29T20:13:17-07:00,0,0
style.css,343,css,f2ef837c,CocoXu08,2025-10-29,20:13:17,-07:00,2025-10-29T20:13:17-07:00,0,10
style.css,344,css,f2ef837c,CocoXu08,2025-10-29,20:13:17,-07:00,2025-10-29T20:13:17-07:00,1,12
style.css,345,css,f2ef837c,CocoXu08,2025-10-29,20:13:17,-07:00,2025-10-29T20:13:17-07:00,1,18
style.css,346,css,f2ef837c,CocoXu08,2025-10-29,20:13:17,-07:00,2025-10-29T20:13:17-07:00,1,7
style.css,347,css,f2ef837c,CocoXu08,2025-10-29,20:13:17,-07:00,2025-10-29T20:13:17-07:00,0,0
style.css,348,css,f2ef837c,CocoXu08,2025-10-29,20:13:17,-07:00,2025-10-29T20:13:17-07:00,0,0
style.css,349,css,f2ef837c,CocoXu08,2025-10-29,20:13:17,-07:00,2025-10-29T20:13:17-07:00,0,7
style.css,350,css,f2ef837c,CocoXu08,2025-10-29,20:13:17,-07:00,2025-10-29T20:13:17-07:00,1,6
style.css,351,css,f2ef837c,CocoXu08,2025-10-29,20:13:17,-07:00,2025-10-29T20:13:17-07:00,0,0
style.css,352,css,f2ef837c,CocoXu08,2025-10-29,20:13:17,-07:00,2025-10-29T20:13:17-07:00,0,0
style.css,353,css,f2ef837c,CocoXu08,2025-10-29,20:13:17,-07:00,2025-10-29T20:13:17-07:00,0,15
style.css,354,css,f2ef837c,CocoXu08,2025-10-29,20:13:17,-07:00,2025-10-29T20:13:17-07:00,1,12
style.css,355,css,f2ef837c,CocoXu08,2025-10-29,20:13:17,-07:00,2025-10-29T20:13:17-07:00,1,48
style.css,356,css,f2ef837c,CocoXu08,2025-10-29,20:13:17,-07:00,2025-10-29T20:13:17-07:00,1,40
style.css,357,css,f2ef837c,CocoXu08,2025-10-29,20:13:17,-07:00,2025-10-29T20:13:17-07:00,0,0
style.css,358,css,f2ef837c,CocoXu08,2025-10-29,20:13:17,-07:00,2025-10-29T20:13:17-07:00,0,0
style.css,359,css,f2ef837c,CocoXu08,2025-10-29,20:13:17,-07:00,2025-10-29T20:13:17-07:00,0,10
style.css,360,css,f2ef837c,CocoXu08,2025-10-29,20:13:17,-07:00,2025-10-29T20:13:17-07:00,1,9
style.css,361,css,f2ef837c,CocoXu08,2025-10-29,20:13:17,-07:00,2025-10-29T20:13:17-07:00,1,15
style.css,362,css,f2ef837c,CocoXu08,2025-10-29,20:13:17,-07:00,2025-10-29T20:13:17-07:00,1,15
style.css,363,css,f2ef837c,CocoXu08,2025-10-29,20:13:17,-07:00,2025-10-29T20:13:17-07:00,1,19
style.css,364,css,f2ef837c,CocoXu08,2025-10-29,20:13:17,-07:00,2025-10-29T20:13:17-07:00,1,18
style.css,365,css,f2ef837c,CocoXu08,2025-10-29,20:13:17,-07:00,2025-10-29T20:13:17-07:00,1,24
style.css,366,css,f2ef837c,CocoXu08,2025-10-29,20:13:17,-07:00,2025-10-29T20:13:17-07:00,1,18
style.css,367,css,f2ef837c,CocoXu08,2025-10-29,20:13:17,-07:00,2025-10-29T20:13:17-07:00,1,13
style.css,368,css,f2ef837c,CocoXu08,2025-10-29,20:13:17,-07:00,2025-10-29T20:13:17-07:00,1,14
style.css,369,css,f2ef837c,CocoXu08,2025-10-29,20:13:17,-07:00,2025-10-29T20:13:17-07:00,1,12
style.css,370,css,f2ef837c,CocoXu08,2025-10-29,20:13:17,-07:00,2025-10-29T20:13:17-07:00,1,24
style.css,371,css,f2ef837c,CocoXu08,2025-10-29,20:13:17,-07:00,2025-10-29T20:13:17-07:00,0,0
style.css,372,css,f2ef837c,CocoXu08,2025-10-29,20:13:17,-07:00,2025-10-29T20:13:17-07:00,0,0
style.css,373,css,f2ef837c,CocoXu08,2025-10-29,20:13:17,-07:00,2025-10-29T20:13:17-07:00,0,0
style.css,374,css,f2ef837c,CocoXu08,2025-10-29,20:13:17,-07:00,2025-10-29T20:13:17-07:00,0,23
style.css,375,css,f2ef837c,CocoXu08,2025-10-29,20:13:17,-07:00,2025-10-29T20:13:17-07:00,1,13
style.css,376,css,f2ef837c,CocoXu08,2025-10-29,20:13:17,-07:00,2025-10-29T20:13:17-07:00,0,0
style.css,377,css,f2ef837c,CocoXu08,2025-10-29,20:13:17,-07:00,2025-10-29T20:13:17-07:00,0,0
style.css,378,css,f2ef837c,CocoXu08,2025-10-29,20:13:17,-07:00,2025-10-29T20:13:17-07:00,0,16
style.css,379,css,f2ef837c,CocoXu08,2025-10-29,20:13:17,-07:00,2025-10-29T20:13:17-07:00,1,20
style.css,380,css,f2ef837c,CocoXu08,2025-10-29,20:13:17,-07:00,2025-10-29T20:13:17-07:00,1,43
style.css,381,css,f2ef837c,CocoXu08,2025-10-29,20:13:17,-07:00,2025-10-29T20:13:17-07:00,0,0
style.css,382,css,f2ef837c,CocoXu08,2025-10-29,20:13:17,-07:00,2025-10-29T20:13:17-07:00,0,0
style.css,383,css,f2ef837c,CocoXu08,2025-10-29,20:13:17,-07:00,2025-10-29T20:13:17-07:00,0,57
style.css,384,css,f2ef837c,CocoXu08,2025-10-29,20:13:17,-07:00,2025-10-29T20:13:17-07:00,0,63
style.css,385,css,f2ef837c,CocoXu08,2025-10-29,20:13:17,-07:00,2025-10-29T20:13:17-07:00,0,0
style.css,386,css,f2ef837c,CocoXu08,2025-10-29,20:13:17,-07:00,2025-10-29T20:13:17-07:00,0,49
style.css,387,css,f2ef837c,CocoXu08,2025-10-29,20:13:17,-07:00,2025-10-29T20:13:17-07:00,0,40
index.js,1,js,1b4549c2,CocoXu08,2025-10-22,13:45:01,-07:00,2025-10-22T13:45:01-07:00,0,71
index.js,2,js,1b4549c2,CocoXu08,2025-10-22,13:45:01,-07:00,2025-10-22T13:45:01-07:00,0,54
index.js,3,js,1b4549c2,CocoXu08,2025-10-22,13:45:01,-07:00,2025-10-22T13:45:01-07:00,0,42
index.js,4,js,1b4549c2,CocoXu08,2025-10-22,13:45:01,-07:00,2025-10-22T13:45:01-07:00,0,60
index.js,5,js,1b4549c2,CocoXu08,2025-10-22,13:45:01,-07:00,2025-10-22T13:45:01-07:00,0,54
index.js,6,js,1b4549c2,CocoXu08,2025-10-22,13:45:01,-07:00,2025-10-22T13:45:01-07:00,0,0
index.js,7,js,1b4549c2,CocoXu08,2025-10-22,13:45:01,-07:00,2025-10-22T13:45:01-07:00,0,58
index.js,8,js,1b4549c2,CocoXu08,2025-10-22,13:45:01,-07:00,2025-10-22T13:45:01-07:00,0,0
index.js,9,js,1b4549c2,CocoXu08,2025-10-22,13:45:01,-07:00,2025-10-22T13:45:01-07:00,0,60
index.js,10,js,1b4549c2,CocoXu08,2025-10-22,13:45:01,-07:00,2025-10-22T13:45:01-07:00,0,0
index.js,11,js,1b4549c2,CocoXu08,2025-10-22,13:45:01,-07:00,2025-10-22T13:45:01-07:00,0,17
index.js,12,js,1b4549c2,CocoXu08,2025-10-22,13:45:01,-07:00,2025-10-22T13:45:01-07:00,1,24
index.js,13,js,1b4549c2,CocoXu08,2025-10-22,13:45:01,-07:00,2025-10-22T13:45:01-07:00,2,2
index.js,14,js,1b4549c2,CocoXu08,2025-10-22,13:45:01,-07:00,2025-10-22T13:45:01-07:00,4,55
index.js,15,js,1b4549c2,CocoXu08,2025-10-22,13:45:01,-07:00,2025-10-22T13:45:01-07:00,4,55
index.js,16,js,1b4549c2,CocoXu08,2025-10-22,13:45:01,-07:00,2025-10-22T13:45:01-07:00,4,49
index.js,17,js,1b4549c2,CocoXu08,2025-10-22,13:45:01,-07:00,2025-10-22T13:45:01-07:00,4,49
index.js,18,js,1b4549c2,CocoXu08,2025-10-22,13:45:01,-07:00,2025-10-22T13:45:01-07:00,2,3
index.js,19,js,1b4549c2,CocoXu08,2025-10-22,13:45:01,-07:00,2025-10-22T13:45:01-07:00,0,0
index.js,20,js,1b4549c2,CocoXu08,2025-10-22,13:45:01,-07:00,2025-10-22T13:45:01-07:00,0,0
index.html,1,html,2da9a034,CocoXu08,2025-10-01,09:43:12,-07:00,2025-10-01T09:43:12-07:00,0,13
index.html,2,html,2da9a034,CocoXu08,2025-10-01,09:43:12,-07:00,2025-10-01T09:43:12-07:00,0,14
index.html,3,html,2da9a034,CocoXu08,2025-10-01,09:43:12,-07:00,2025-10-01T09:43:12-07:00,0,4
index.html,4,html,06541f78,CocoXu08,2025-10-29,12:51:22,-07:00,2025-10-29T12:51:22-07:00,2,105
index.html,5,html,eb36a631,CocoXu08,2025-10-01,17:12:05,-07:00,2025-10-01T17:12:05-07:00,2,38
index.html,6,html,2da9a034,CocoXu08,2025-10-01,09:43:12,-07:00,2025-10-01T09:43:12-07:00,2,20
index.html,7,html,2da9a034,CocoXu08,2025-10-01,09:43:12,-07:00,2025-10-01T09:43:12-07:00,2,68
index.html,8,html,2da9a034,CocoXu08,2025-10-01,09:43:12,-07:00,2025-10-01T09:43:12-07:00,2,51
index.html,9,html,2da9a034,CocoXu08,2025-10-01,09:43:12,-07:00,2025-10-01T09:43:12-07:00,0,5
index.html,10,html,04922692,CocoXu08,2025-10-16,19:31:08,-07:00,2025-10-16T19:31:08-07:00,0,0
index.html,11,html,6b4cc451,CocoXu08,2025-10-05,16:08:50,-07:00,2025-10-05T16:08:50-07:00,0,4
index.html,12,html,5104810c,CocoXu08,2025-10-16,19:31:23,-07:00,2025-10-16T19:31:23-07:00,2,8
index.html,13,html,823a7062,CocoXu08,2025-10-15,23:15:16,-07:00,2025-10-15T23:15:16-07:00,4,27
index.html,14,html,38ddac6d,CocoXu08,2025-10-15,23:01:57,-07:00,2025-10-15T23:01:57-07:00,4,40
index.html,15,html,eaa1000c,CocoXu08,2025-10-12,09:50:21,-07:00,2025-10-12T09:50:21-07:00,4,38
index.html,16,html,eaa1000c,CocoXu08,2025-10-12,09:50:21,-07:00,2025-10-12T09:50:21-07:00,4,36
index.html,17,html,823a7062,CocoXu08,2025-10-15,23:15:16,-07:00,2025-10-15T23:15:16-07:00,4,62
index.html,18,html,5104810c,CocoXu08,2025-10-16,19:31:23,-07:00,2025-10-16T19:31:23-07:00,2,8
index.html,19,html,6b4cc451,CocoXu08,2025-10-05,16:08:50,-07:00,2025-10-05T16:08:50-07:00,2,16
index.html,20,html,ca493f16,CocoXu08,2025-10-22,16:29:45,-07:00,2025-10-22T16:29:45-07:00,2,99
index.html,21,html,ca493f16,CocoXu08,2025-10-22,16:29:45,-07:00,2025-10-22T16:29:45-07:00,0,0
index.html,22,html,da880379,CocoXu08,2025-10-01,17:17:04,-07:00,2025-10-01T17:17:04-07:00,2,73
index.html,23,html,9e0a657b,CocoXu08,2025-10-16,20:42:49,-07:00,2025-10-16T20:42:49-07:00,0,0
index.html,24,html,1b4549c2,CocoXu08,2025-10-22,13:45:01,-07:00,2025-10-22T13:45:01-07:00,2,22
index.html,25,html,1b4549c2,CocoXu08,2025-10-22,13:45:01,-07:00,2025-10-22T13:45:01-07:00,2,26
index.html,26,html,4b5cdd3f,CocoXu08,2025-10-15,22:17:06,-07:00,2025-10-15T22:17:06-07:00,2,45
index.html,27,html,1b4549c2,CocoXu08,2025-10-22,13:45:01,-07:00,2025-10-22T13:45:01-07:00,2,20
index.html,28,html,1b4549c2,CocoXu08,2025-10-22,13:45:01,-07:00,2025-10-22T13:45:01-07:00,2,49
index.html,29,html,1b4549c2,CocoXu08,2025-10-22,13:45:01,-07:00,2025-10-22T13:45:01-07:00,2,4
index.html,30,html,1b4549c2,CocoXu08,2025-10-22,13:45:01,-07:00,2025-10-22T13:45:01-07:00,0,0
index.html,31,html,1b4549c2,CocoXu08,2025-10-22,13:45:01,-07:00,2025-10-22T13:45:01-07:00,2,27
index.html,32,html,1b4549c2,CocoXu08,2025-10-22,13:45:01,-07:00,2025-10-22T13:45:01-07:00,2,22
index.html,33,html,1b4549c2,CocoXu08,2025-10-22,13:45:01,-07:00,2025-10-22T13:45:01-07:00,4,40
index.html,34,html,1b4549c2,CocoXu08,2025-10-22,13:45:01,-07:00,2025-10-22T13:45:01-07:00,2,4
index.html,35,html,1b4549c2,CocoXu08,2025-10-22,13:45:01,-07:00,2025-10-22T13:45:01-07:00,0,0
index.html,36,html,1b4549c2,CocoXu08,2025-10-22,13:45:01,-07:00,2025-10-22T13:45:01-07:00,0,0
index.html,37,html,1b4549c2,CocoXu08,2025-10-22,13:45:01,-07:00,2025-10-22T13:45:01-07:00,2,50
index.html,38,html,2da9a034,CocoXu08,2025-10-01,09:43:12,-07:00,2025-10-01T09:43:12-07:00,0,5
index.html,39,html,2da9a034,CocoXu08,2025-10-01,09:43:12,-07:00,2025-10-01T09:43:12-07:00,0,5
global.js,1,js,98ef8d05,CocoXu08,2025-10-12,10:01:06,-07:00,2025-10-12T10:01:06-07:00,0,25
global.js,2,js,98ef8d05,CocoXu08,2025-10-12,10:01:06,-07:00,2025-10-12T10:01:06-07:00,0,0
global.js,3,js,98ef8d05,CocoXu08,2025-10-12,10:01:06,-07:00,2025-10-12T10:01:06-07:00,0,41
global.js,4,js,98ef8d05,CocoXu08,2025-10-12,10:01:06,-07:00,2025-10-12T10:01:06-07:00,1,52
global.js,5,js,4b5cdd3f,CocoXu08,2025-10-15,22:17:06,-07:00,2025-10-15T22:17:06-07:00,0,0
global.js,6,js,5b9127fc,CocoXu08,2025-10-16,19:48:15,-07:00,2025-10-16T19:48:15-07:00,0,0
global.js,7,js,04922692,CocoXu08,2025-10-16,19:31:08,-07:00,2025-10-16T19:31:08-07:00,0,15
global.js,8,js,04922692,CocoXu08,2025-10-16,19:31:08,-07:00,2025-10-16T19:31:08-07:00,1,68
global.js,9,js,5b9127fc,CocoXu08,2025-10-16,19:48:15,-07:00,2025-10-16T19:48:15-07:00,2,3
global.js,10,js,5b9127fc,CocoXu08,2025-10-16,19:48:15,-07:00,2025-10-16T19:48:15-07:00,2,14
global.js,11,js,04922692,CocoXu08,2025-10-16,19:31:08,-07:00,2025-10-16T19:31:08-07:00,0,0
global.js,12,js,04922692,CocoXu08,2025-10-16,19:31:08,-07:00,2025-10-16T19:31:08-07:00,0,28
global.js,13,js,04922692,CocoXu08,2025-10-16,19:31:08,-07:00,2025-10-16T19:31:08-07:00,0,0
global.js,14,js,04922692,CocoXu08,2025-10-16,19:31:08,-07:00,2025-10-16T19:31:08-07:00,0,33
global.js,15,js,04922692,CocoXu08,2025-10-16,19:31:08,-07:00,2025-10-16T19:31:08-07:00,0,70
global.js,16,js,04922692,CocoXu08,2025-10-16,19:31:08,-07:00,2025-10-16T19:31:08-07:00,0,3
global.js,17,js,04922692,CocoXu08,2025-10-16,19:31:08,-07:00,2025-10-16T19:31:08-07:00,0,39
global.js,18,js,04922692,CocoXu08,2025-10-16,19:31:08,-07:00,2025-10-16T19:31:08-07:00,0,11
global.js,19,js,04922692,CocoXu08,2025-10-16,19:31:08,-07:00,2025-10-16T19:31:08-07:00,2,25
global.js,20,js,5b9127fc,CocoXu08,2025-10-16,19:48:15,-07:00,2025-10-16T19:48:15-07:00,2,38
global.js,21,js,5b9127fc,CocoXu08,2025-10-16,19:48:15,-07:00,2025-10-16T19:48:15-07:00,2,36
global.js,22,js,5b9127fc,CocoXu08,2025-10-16,19:48:15,-07:00,2025-10-16T19:48:15-07:00,2,34
global.js,23,js,00000000,Not Committed Yet,2025-11-06,22:04:50,-08:00,2025-11-06T22:04:50-08:00,2,30
global.js,24,js,04922692,CocoXu08,2025-10-16,19:31:08,-07:00,2025-10-16T19:31:08-07:00,2,54
global.js,25,js,04922692,CocoXu08,2025-10-16,19:31:08,-07:00,2025-10-16T19:31:08-07:00,1,0
global.js,26,js,04922692,CocoXu08,2025-10-16,19:31:08,-07:00,2025-10-16T19:31:08-07:00,0,38
global.js,27,js,04922692,CocoXu08,2025-10-16,19:31:08,-07:00,2025-10-16T19:31:08-07:00,0,25
global.js,28,js,04922692,CocoXu08,2025-10-16,19:31:08,-07:00,2025-10-16T19:31:08-07:00,0,0
global.js,29,js,04922692,CocoXu08,2025-10-16,19:31:08,-07:00,2025-10-16T19:31:08-07:00,0,20
global.js,30,js,5b9127fc,CocoXu08,2025-10-16,19:48:15,-07:00,2025-10-16T19:48:15-07:00,1,14
global.js,31,js,5b9127fc,CocoXu08,2025-10-16,19:48:15,-07:00,2025-10-16T19:48:15-07:00,1,18
global.js,32,js,5b9127fc,CocoXu08,2025-10-16,19:48:15,-07:00,2025-10-16T19:48:15-07:00,1,52
global.js,33,js,5b9127fc,CocoXu08,2025-10-16,19:48:15,-07:00,2025-10-16T19:48:15-07:00,0,0
global.js,34,js,5b9127fc,CocoXu08,2025-10-16,19:48:15,-07:00,2025-10-16T19:48:15-07:00,1,24
global.js,35,js,5b9127fc,CocoXu08,2025-10-16,19:48:15,-07:00,2025-10-16T19:48:15-07:00,1,34
global.js,36,js,5b9127fc,CocoXu08,2025-10-16,19:48:15,-07:00,2025-10-16T19:48:15-07:00,1,11
global.js,37,js,5b9127fc,CocoXu08,2025-10-16,19:48:15,-07:00,2025-10-16T19:48:15-07:00,1,20
global.js,38,js,5b9127fc,CocoXu08,2025-10-16,19:48:15,-07:00,2025-10-16T19:48:15-07:00,0,0
global.js,39,js,5b9127fc,CocoXu08,2025-10-16,19:48:15,-07:00,2025-10-16T19:48:15-07:00,1,17
global.js,40,js,5b9127fc,CocoXu08,2025-10-16,19:48:15,-07:00,2025-10-16T19:48:15-07:00,1,8
global.js,41,js,5b9127fc,CocoXu08,2025-10-16,19:48:15,-07:00,2025-10-16T19:48:15-07:00,1,59
global.js,42,js,5b9127fc,CocoXu08,2025-10-16,19:48:15,-07:00,2025-10-16T19:48:15-07:00,0,0
global.js,43,js,5b9127fc,CocoXu08,2025-10-16,19:48:15,-07:00,2025-10-16T19:48:15-07:00,0,0
global.js,44,js,5b9127fc,CocoXu08,2025-10-16,19:48:15,-07:00,2025-10-16T19:48:15-07:00,1,29
global.js,45,js,5b9127fc,CocoXu08,2025-10-16,19:48:15,-07:00,2025-10-16T19:48:15-07:00,3,18
global.js,46,js,04922692,CocoXu08,2025-10-16,19:31:08,-07:00,2025-10-16T19:31:08-07:00,2,0
global.js,47,js,4b5cdd3f,CocoXu08,2025-10-15,22:17:06,-07:00,2025-10-15T22:17:06-07:00,0,0
global.js,48,js,5b9127fc,CocoXu08,2025-10-16,19:48:15,-07:00,2025-10-16T19:48:15-07:00,1,16
global.js,49,js,5b9127fc,CocoXu08,2025-10-16,19:48:15,-07:00,2025-10-16T19:48:15-07:00,1,12
global.js,50,js,5b9127fc,CocoXu08,2025-10-16,19:48:15,-07:00,2025-10-16T19:48:15-07:00,0,0
global.js,51,js,5b9127fc,CocoXu08,2025-10-16,19:48:15,-07:00,2025-10-16T19:48:15-07:00,0,0
global.js,52,js,9e0a657b,CocoXu08,2025-10-16,20:42:49,-07:00,2025-10-16T20:42:49-07:00,0,32
global.js,53,js,5e4d74ac,CocoXu08,2025-10-17,11:27:16,-07:00,2025-10-17T11:27:16-07:00,0,25
global.js,54,js,9e0a657b,CocoXu08,2025-10-16,20:42:49,-07:00,2025-10-16T20:42:49-07:00,0,20
global.js,55,js,9e0a657b,CocoXu08,2025-10-16,20:42:49,-07:00,2025-10-16T20:42:49-07:00,0,19
global.js,56,js,9e0a657b,CocoXu08,2025-10-16,20:42:49,-07:00,2025-10-16T20:42:49-07:00,0,0
global.js,57,js,9e0a657b,CocoXu08,2025-10-16,20:42:49,-07:00,2025-10-16T20:42:49-07:00,0,31
global.js,58,js,39d3a774,CocoXu08,2025-10-16,22:23:47,-07:00,2025-10-16T22:23:47-07:00,1,11
global.js,59,js,9e0a657b,CocoXu08,2025-10-16,20:42:49,-07:00,2025-10-16T20:42:49-07:00,1,55
global.js,60,js,9e0a657b,CocoXu08,2025-10-16,20:42:49,-07:00,2025-10-16T20:42:49-07:00,2,4
global.js,61,js,9e0a657b,CocoXu08,2025-10-16,20:42:49,-07:00,2025-10-16T20:42:49-07:00,2,17
global.js,62,js,9e0a657b,CocoXu08,2025-10-16,20:42:49,-07:00,2025-10-16T20:42:49-07:00,3,40
global.js,63,js,9e0a657b,CocoXu08,2025-10-16,20:42:49,-07:00,2025-10-16T20:42:49-07:00,3,37
global.js,64,js,9e0a657b,CocoXu08,2025-10-16,20:42:49,-07:00,2025-10-16T20:42:49-07:00,3,35
global.js,65,js,9e0a657b,CocoXu08,2025-10-16,20:42:49,-07:00,2025-10-16T20:42:49-07:00,2,7
global.js,66,js,9e0a657b,CocoXu08,2025-10-16,20:42:49,-07:00,2025-10-16T20:42:49-07:00,1,7
global.js,67,js,9e0a657b,CocoXu08,2025-10-16,20:42:49,-07:00,2025-10-16T20:42:49-07:00,0,0
global.js,68,js,5e4d74ac,CocoXu08,2025-10-17,11:27:16,-07:00,2025-10-17T11:27:16-07:00,0,60
global.js,69,js,5e4d74ac,CocoXu08,2025-10-17,11:27:16,-07:00,2025-10-17T11:27:16-07:00,0,0
global.js,70,js,5e4d74ac,CocoXu08,2025-10-17,11:27:16,-07:00,2025-10-17T11:27:16-07:00,0,31
global.js,71,js,5e4d74ac,CocoXu08,2025-10-17,11:27:16,-07:00,2025-10-17T11:27:16-07:00,0,65
global.js,72,js,5e4d74ac,CocoXu08,2025-10-17,11:27:16,-07:00,2025-10-17T11:27:16-07:00,0,0
global.js,73,js,5e4d74ac,CocoXu08,2025-10-17,11:27:16,-07:00,2025-10-17T11:27:16-07:00,0,0
global.js,74,js,5e4d74ac,CocoXu08,2025-10-17,11:27:16,-07:00,2025-10-17T11:27:16-07:00,0,0
global.js,75,js,5e4d74ac,CocoXu08,2025-10-17,11:27:16,-07:00,2025-10-17T11:27:16-07:00,0,43
global.js,76,js,5e4d74ac,CocoXu08,2025-10-17,11:27:16,-07:00,2025-10-17T11:27:16-07:00,0,32
global.js,77,js,5e4d74ac,CocoXu08,2025-10-17,11:27:16,-07:00,2025-10-17T11:27:16-07:00,0,21
global.js,78,js,5e4d74ac,CocoXu08,2025-10-17,11:27:16,-07:00,2025-10-17T11:27:16-07:00,0,32
global.js,79,js,9e0a657b,CocoXu08,2025-10-16,20:42:49,-07:00,2025-10-16T20:42:49-07:00,0,1
global.js,80,js,9e0a657b,CocoXu08,2025-10-16,20:42:49,-07:00,2025-10-16T20:42:49-07:00,0,0
global.js,81,js,554abe9b,CocoXu08,2025-10-16,19:08:56,-07:00,2025-10-16T19:08:56-07:00,0,0
global.js,82,js,7e0cc0ea,CocoXu08,2025-10-17,11:18:44,-07:00,2025-10-17T11:18:44-07:00,0,34
global.js,83,js,7e0cc0ea,CocoXu08,2025-10-17,11:18:44,-07:00,2025-10-17T11:18:44-07:00,2,37
global.js,84,js,7e0cc0ea,CocoXu08,2025-10-17,11:18:44,-07:00,2025-10-17T11:18:44-07:00,2,20
global.js,85,js,7e0cc0ea,CocoXu08,2025-10-17,11:18:44,-07:00,2025-10-17T11:18:44-07:00,2,19
global.js,86,js,7e0cc0ea,CocoXu08,2025-10-17,11:18:44,-07:00,2025-10-17T11:18:44-07:00,1,0
global.js,87,js,7e0cc0ea,CocoXu08,2025-10-17,11:18:44,-07:00,2025-10-17T11:18:44-07:00,0,0
global.js,88,js,cc0515fc,CocoXu08,2025-10-15,22:48:58,-07:00,2025-10-15T22:48:58-07:00,0,0
global.js,89,js,3e2d91eb,CocoXu08,2025-10-22,09:40:15,-07:00,2025-10-22T09:40:15-07:00,0,6
global.js,90,js,3e2d91eb,CocoXu08,2025-10-22,09:40:15,-07:00,2025-10-22T09:40:15-07:00,0,36
global.js,91,js,3e2d91eb,CocoXu08,2025-10-22,09:40:15,-07:00,2025-10-22T09:40:15-07:00,1,3
global.js,92,js,3e2d91eb,CocoXu08,2025-10-22,09:40:15,-07:00,2025-10-22T09:40:15-07:00,2,39
global.js,93,js,3e2d91eb,CocoXu08,2025-10-22,09:40:15,-07:00,2025-10-22T09:40:15-07:00,2,32
global.js,94,js,1b4549c2,CocoXu08,2025-10-22,13:45:01,-07:00,2025-10-22T13:45:01-07:00,2,0
global.js,95,js,1b4549c2,CocoXu08,2025-10-22,13:45:01,-07:00,2025-10-22T13:45:01-07:00,2,86
global.js,96,js,1b4549c2,CocoXu08,2025-10-22,13:45:01,-07:00,2025-10-22T13:45:01-07:00,2,19
global.js,97,js,7500eac8,CocoXu08,2025-10-22,09:50:13,-07:00,2025-10-22T09:50:13-07:00,0,0
global.js,98,js,7500eac8,CocoXu08,2025-10-22,09:50:13,-07:00,2025-10-22T09:50:13-07:00,2,33
global.js,99,js,7500eac8,CocoXu08,2025-10-22,09:50:13,-07:00,2025-10-22T09:50:13-07:00,2,10
global.js,100,js,cc0515fc,CocoXu08,2025-10-15,22:48:58,-07:00,2025-10-15T22:48:58-07:00,0,0
global.js,101,js,3e2d91eb,CocoXu08,2025-10-22,09:40:15,-07:00,2025-10-22T09:40:15-07:00,1,15
global.js,102,js,3e2d91eb,CocoXu08,2025-10-22,09:40:15,-07:00,2025-10-22T09:40:15-07:00,2,59
global.js,103,js,3e2d91eb,CocoXu08,2025-10-22,09:40:15,-07:00,2025-10-22T09:40:15-07:00,1,0
global.js,104,js,3e2d91eb,CocoXu08,2025-10-22,09:40:15,-07:00,2025-10-22T09:40:15-07:00,0,0
global.js,105,js,cc0515fc,CocoXu08,2025-10-15,22:48:58,-07:00,2025-10-15T22:48:58-07:00,0,0
global.js,106,js,1b4549c2,CocoXu08,2025-10-22,13:45:01,-07:00,2025-10-22T13:45:01-07:00,0,78
global.js,107,js,1b4549c2,CocoXu08,2025-10-22,13:45:01,-07:00,2025-10-22T13:45:01-07:00,1,23
global.js,108,js,1b4549c2,CocoXu08,2025-10-22,13:45:01,-07:00,2025-10-22T13:45:01-07:00,1,30
global.js,109,js,1b4549c2,CocoXu08,2025-10-22,13:45:01,-07:00,2025-10-22T13:45:01-07:00,0,0
global.js,110,js,1b4549c2,CocoXu08,2025-10-22,13:45:01,-07:00,2025-10-22T13:45:01-07:00,1,22
global.js,111,js,dcb0095e,CocoXu08,2025-10-22,17:07:24,-07:00,2025-10-22T17:07:24-07:00,2,48
global.js,112,js,1b4549c2,CocoXu08,2025-10-22,13:45:01,-07:00,2025-10-22T13:45:01-07:00,1,0
global.js,113,js,1b4549c2,CocoXu08,2025-10-22,13:45:01,-07:00,2025-10-22T13:45:01-07:00,2,19
global.js,114,js,1b4549c2,CocoXu08,2025-10-22,13:45:01,-07:00,2025-10-22T13:45:01-07:00,3,17
global.js,115,js,1b4549c2,CocoXu08,2025-10-22,13:45:01,-07:00,2025-10-22T13:45:01-07:00,3,37
global.js,116,js,06541f78,CocoXu08,2025-10-29,12:51:22,-07:00,2025-10-29T12:51:22-07:00,3,24
global.js,117,js,06541f78,CocoXu08,2025-10-29,12:51:22,-07:00,2025-10-29T12:51:22-07:00,4,21
global.js,118,js,06541f78,CocoXu08,2025-10-29,12:51:22,-07:00,2025-10-29T12:51:22-07:00,4,47
global.js,119,js,06541f78,CocoXu08,2025-10-29,12:51:22,-07:00,2025-10-29T12:51:22-07:00,3,4
global.js,120,js,06541f78,CocoXu08,2025-10-29,12:51:22,-07:00,2025-10-29T12:51:22-07:00,2,0
global.js,121,js,1b4549c2,CocoXu08,2025-10-22,13:45:01,-07:00,2025-10-22T13:45:01-07:00,2,36
global.js,122,js,1b4549c2,CocoXu08,2025-10-22,13:45:01,-07:00,2025-10-22T13:45:01-07:00,0,0
global.js,123,js,1b4549c2,CocoXu08,2025-10-22,13:45:01,-07:00,2025-10-22T13:45:01-07:00,0,0
global.js,124,js,1b4549c2,CocoXu08,2025-10-22,13:45:01,-07:00,2025-10-22T13:45:01-07:00,0,0
global.js,125,js,1b4549c2,CocoXu08,2025-10-22,13:45:01,-07:00,2025-10-22T13:45:01-07:00,0,9
global.js,126,js,1b4549c2,CocoXu08,2025-10-22,13:45:01,-07:00,2025-10-22T13:45:01-07:00,0,47
global.js,127,js,1b4549c2,CocoXu08,2025-10-22,13:45:01,-07:00,2025-10-22T13:45:01-07:00,1,36
global.js,128,js,1b4549c2,CocoXu08,2025-10-22,13:45:01,-07:00,2025-10-22T13:45:01-07:00,1,59
global.js,129,js,1b4549c2,CocoXu08,2025-10-22,13:45:01,-07:00,2025-10-22T13:45:01-07:00,0,0
global.js,130,js,1b4549c2,CocoXu08,2025-10-22,13:45:01,-07:00,2025-10-22T13:45:01-07:00,0,0
global.js,131,js,1b4549c2,CocoXu08,2025-10-22,13:45:01,-07:00,2025-10-22T13:45:01-07:00,0,0
resume/index.html,1,html,d4bbc4d2,CocoXu08,2025-10-01,16:55:59,-07:00,2025-10-01T16:55:59-07:00,0,13
resume/index.html,2,html,d4bbc4d2,CocoXu08,2025-10-01,16:55:59,-07:00,2025-10-01T16:55:59-07:00,0,14
resume/index.html,3,html,d4bbc4d2,CocoXu08,2025-10-01,16:55:59,-07:00,2025-10-01T16:55:59-07:00,0,4
resume/index.html,4,html,d4bbc4d2,CocoXu08,2025-10-01,16:55:59,-07:00,2025-10-01T16:55:59-07:00,2,20
resume/index.html,5,html,d4bbc4d2,CocoXu08,2025-10-01,16:55:59,-07:00,2025-10-01T16:55:59-07:00,2,68
resume/index.html,6,html,d4bbc4d2,CocoXu08,2025-10-01,16:55:59,-07:00,2025-10-01T16:55:59-07:00,2,19
resume/index.html,7,html,d4bbc4d2,CocoXu08,2025-10-01,16:55:59,-07:00,2025-10-01T16:55:59-07:00,2,41
resume/index.html,8,html,d4bbc4d2,CocoXu08,2025-10-01,16:55:59,-07:00,2025-10-01T16:55:59-07:00,0,5
resume/index.html,9,html,0889a9d6,CocoXu08,2025-10-16,19:57:41,-07:00,2025-10-16T19:57:41-07:00,0,8
resume/index.html,10,html,d4bbc4d2,CocoXu08,2025-10-01,16:55:59,-07:00,2025-10-01T16:55:59-07:00,2,30
resume/index.html,11,html,d4bbc4d2,CocoXu08,2025-10-01,16:55:59,-07:00,2025-10-01T16:55:59-07:00,2,43
resume/index.html,12,html,d4bbc4d2,CocoXu08,2025-10-01,16:55:59,-07:00,2025-10-01T16:55:59-07:00,2,41
resume/index.html,13,html,d4bbc4d2,CocoXu08,2025-10-01,16:55:59,-07:00,2025-10-01T16:55:59-07:00,2,29
resume/index.html,14,html,d4bbc4d2,CocoXu08,2025-10-01,16:55:59,-07:00,2025-10-01T16:55:59-07:00,2,62
resume/index.html,15,html,0889a9d6,CocoXu08,2025-10-16,19:57:41,-07:00,2025-10-16T19:57:41-07:00,0,8
resume/index.html,16,html,6b4cc451,CocoXu08,2025-10-05,16:08:50,-07:00,2025-10-05T16:08:50-07:00,0,25
resume/index.html,17,html,d4bbc4d2,CocoXu08,2025-10-01,16:55:59,-07:00,2025-10-01T16:55:59-07:00,2,4
resume/index.html,18,html,d4bbc4d2,CocoXu08,2025-10-01,16:55:59,-07:00,2025-10-01T16:55:59-07:00,2,6
resume/index.html,19,html,d4bbc4d2,CocoXu08,2025-10-01,16:55:59,-07:00,2025-10-01T16:55:59-07:00,4,23
resume/index.html,20,html,d4bbc4d2,CocoXu08,2025-10-01,16:55:59,-07:00,2025-10-01T16:55:59-07:00,4,17
resume/index.html,21,html,d4bbc4d2,CocoXu08,2025-10-01,16:55:59,-07:00,2025-10-01T16:55:59-07:00,4,52
resume/index.html,22,html,d4bbc4d2,CocoXu08,2025-10-01,16:55:59,-07:00,2025-10-01T16:55:59-07:00,4,45
resume/index.html,23,html,d4bbc4d2,CocoXu08,2025-10-01,16:55:59,-07:00,2025-10-01T16:55:59-07:00,4,97
resume/index.html,24,html,d4bbc4d2,CocoXu08,2025-10-01,16:55:59,-07:00,2025-10-01T16:55:59-07:00,4,2
resume/index.html,25,html,d4bbc4d2,CocoXu08,2025-10-01,16:55:59,-07:00,2025-10-01T16:55:59-07:00,2,7
resume/index.html,26,html,d4bbc4d2,CocoXu08,2025-10-01,16:55:59,-07:00,2025-10-01T16:55:59-07:00,0,0
resume/index.html,27,html,d4bbc4d2,CocoXu08,2025-10-01,16:55:59,-07:00,2025-10-01T16:55:59-07:00,2,29
resume/index.html,28,html,d4bbc4d2,CocoXu08,2025-10-01,16:55:59,-07:00,2025-10-01T16:55:59-07:00,4,25
resume/index.html,29,html,d4bbc4d2,CocoXu08,2025-10-01,16:55:59,-07:00,2025-10-01T16:55:59-07:00,4,7
resume/index.html,30,html,d4bbc4d2,CocoXu08,2025-10-01,16:55:59,-07:00,2025-10-01T16:55:59-07:00,6,15
resume/index.html,31,html,d4bbc4d2,CocoXu08,2025-10-01,16:55:59,-07:00,2025-10-01T16:55:59-07:00,6,58
resume/index.html,32,html,d4bbc4d2,CocoXu08,2025-10-01,16:55:59,-07:00,2025-10-01T16:55:59-07:00,6,62
resume/index.html,33,html,d4bbc4d2,CocoXu08,2025-10-01,16:55:59,-07:00,2025-10-01T16:55:59-07:00,6,4
resume/index.html,34,html,d4bbc4d2,CocoXu08,2025-10-01,16:55:59,-07:00,2025-10-01T16:55:59-07:00,6,91
resume/index.html,35,html,d4bbc4d2,CocoXu08,2025-10-01,16:55:59,-07:00,2025-10-01T16:55:59-07:00,6,53
resume/index.html,36,html,d4bbc4d2,CocoXu08,2025-10-01,16:55:59,-07:00,2025-10-01T16:55:59-07:00,4,8
resume/index.html,37,html,d4bbc4d2,CocoXu08,2025-10-01,16:55:59,-07:00,2025-10-01T16:55:59-07:00,2,8
resume/index.html,38,html,d4bbc4d2,CocoXu08,2025-10-01,16:55:59,-07:00,2025-10-01T16:55:59-07:00,0,0
resume/index.html,39,html,d4bbc4d2,CocoXu08,2025-10-01,16:55:59,-07:00,2025-10-01T16:55:59-07:00,2,45
resume/index.html,40,html,d4bbc4d2,CocoXu08,2025-10-01,16:55:59,-07:00,2025-10-01T16:55:59-07:00,4,26
resume/index.html,41,html,d4bbc4d2,CocoXu08,2025-10-01,16:55:59,-07:00,2025-10-01T16:55:59-07:00,0,0
resume/index.html,42,html,d4bbc4d2,CocoXu08,2025-10-01,16:55:59,-07:00,2025-10-01T16:55:59-07:00,4,7
resume/index.html,43,html,d4bbc4d2,CocoXu08,2025-10-01,16:55:59,-07:00,2025-10-01T16:55:59-07:00,6,15
resume/index.html,44,html,d4bbc4d2,CocoXu08,2025-10-01,16:55:59,-07:00,2025-10-01T16:55:59-07:00,8,40
resume/index.html,45,html,6b4cc451,CocoXu08,2025-10-05,16:08:50,-07:00,2025-10-05T16:08:50-07:00,8,76
resume/index.html,46,html,d4bbc4d2,CocoXu08,2025-10-01,16:55:59,-07:00,2025-10-01T16:55:59-07:00,6,4
resume/index.html,47,html,d4bbc4d2,CocoXu08,2025-10-01,16:55:59,-07:00,2025-10-01T16:55:59-07:00,0,0
resume/index.html,48,html,d4bbc4d2,CocoXu08,2025-10-01,16:55:59,-07:00,2025-10-01T16:55:59-07:00,4,15
resume/index.html,49,html,d4bbc4d2,CocoXu08,2025-10-01,16:55:59,-07:00,2025-10-01T16:55:59-07:00,6,57
resume/index.html,50,html,d4bbc4d2,CocoXu08,2025-10-01,16:55:59,-07:00,2025-10-01T16:55:59-07:00,6,36
resume/index.html,51,html,d4bbc4d2,CocoXu08,2025-10-01,16:55:59,-07:00,2025-10-01T16:55:59-07:00,4,4
resume/index.html,52,html,d4bbc4d2,CocoXu08,2025-10-01,16:55:59,-07:00,2025-10-01T16:55:59-07:00,4,2
resume/index.html,53,html,d4bbc4d2,CocoXu08,2025-10-01,16:55:59,-07:00,2025-10-01T16:55:59-07:00,6,112
resume/index.html,54,html,d4bbc4d2,CocoXu08,2025-10-01,16:55:59,-07:00,2025-10-01T16:55:59-07:00,6,111
resume/index.html,55,html,d4bbc4d2,CocoXu08,2025-10-01,16:55:59,-07:00,2025-10-01T16:55:59-07:00,6,160
resume/index.html,56,html,d4bbc4d2,CocoXu08,2025-10-01,16:55:59,-07:00,2025-10-01T16:55:59-07:00,6,3
resume/index.html,57,html,d4bbc4d2,CocoXu08,2025-10-01,16:55:59,-07:00,2025-10-01T16:55:59-07:00,4,8
resume/index.html,58,html,d4bbc4d2,CocoXu08,2025-10-01,16:55:59,-07:00,2025-10-01T16:55:59-07:00,0,0
resume/index.html,59,html,d4bbc4d2,CocoXu08,2025-10-01,16:55:59,-07:00,2025-10-01T16:55:59-07:00,0,0
resume/index.html,60,html,d4bbc4d2,CocoXu08,2025-10-01,16:55:59,-07:00,2025-10-01T16:55:59-07:00,4,7
resume/index.html,61,html,d4bbc4d2,CocoXu08,2025-10-01,16:55:59,-07:00,2025-10-01T16:55:59-07:00,6,15
resume/index.html,62,html,d4bbc4d2,CocoXu08,2025-10-01,16:55:59,-07:00,2025-10-01T16:55:59-07:00,8,69
resume/index.html,63,html,6b4cc451,CocoXu08,2025-10-05,16:08:50,-07:00,2025-10-05T16:08:50-07:00,8,76
resume/index.html,64,html,d4bbc4d2,CocoXu08,2025-10-01,16:55:59,-07:00,2025-10-01T16:55:59-07:00,6,4
resume/index.html,65,html,d4bbc4d2,CocoXu08,2025-10-01,16:55:59,-07:00,2025-10-01T16:55:59-07:00,0,0
resume/index.html,66,html,d4bbc4d2,CocoXu08,2025-10-01,16:55:59,-07:00,2025-10-01T16:55:59-07:00,6,15
resume/index.html,67,html,d4bbc4d2,CocoXu08,2025-10-01,16:55:59,-07:00,2025-10-01T16:55:59-07:00,8,99
resume/index.html,68,html,d4bbc4d2,CocoXu08,2025-10-01,16:55:59,-07:00,2025-10-01T16:55:59-07:00,8,39
resume/index.html,69,html,d4bbc4d2,CocoXu08,2025-10-01,16:55:59,-07:00,2025-10-01T16:55:59-07:00,6,4
resume/index.html,70,html,d4bbc4d2,CocoXu08,2025-10-01,16:55:59,-07:00,2025-10-01T16:55:59-07:00,0,0
resume/index.html,71,html,d4bbc4d2,CocoXu08,2025-10-01,16:55:59,-07:00,2025-10-01T16:55:59-07:00,6,2
resume/index.html,72,html,d4bbc4d2,CocoXu08,2025-10-01,16:55:59,-07:00,2025-10-01T16:55:59-07:00,6,118
resume/index.html,73,html,d4bbc4d2,CocoXu08,2025-10-01,16:55:59,-07:00,2025-10-01T16:55:59-07:00,6,121
resume/index.html,74,html,d4bbc4d2,CocoXu08,2025-10-01,16:55:59,-07:00,2025-10-01T16:55:59-07:00,6,3
resume/index.html,75,html,d4bbc4d2,CocoXu08,2025-10-01,16:55:59,-07:00,2025-10-01T16:55:59-07:00,4,8
resume/index.html,76,html,d4bbc4d2,CocoXu08,2025-10-01,16:55:59,-07:00,2025-10-01T16:55:59-07:00,0,0
resume/index.html,77,html,d4bbc4d2,CocoXu08,2025-10-01,16:55:59,-07:00,2025-10-01T16:55:59-07:00,4,7
resume/index.html,78,html,d4bbc4d2,CocoXu08,2025-10-01,16:55:59,-07:00,2025-10-01T16:55:59-07:00,6,15
resume/index.html,79,html,d4bbc4d2,CocoXu08,2025-10-01,16:55:59,-07:00,2025-10-01T16:55:59-07:00,8,72
resume/index.html,80,html,6b4cc451,CocoXu08,2025-10-05,16:08:50,-07:00,2025-10-05T16:08:50-07:00,8,76
resume/index.html,81,html,d4bbc4d2,CocoXu08,2025-10-01,16:55:59,-07:00,2025-10-01T16:55:59-07:00,6,4
resume/index.html,82,html,d4bbc4d2,CocoXu08,2025-10-01,16:55:59,-07:00,2025-10-01T16:55:59-07:00,0,0
resume/index.html,83,html,d4bbc4d2,CocoXu08,2025-10-01,16:55:59,-07:00,2025-10-01T16:55:59-07:00,6,15
resume/index.html,84,html,d4bbc4d2,CocoXu08,2025-10-01,16:55:59,-07:00,2025-10-01T16:55:59-07:00,8,84
resume/index.html,85,html,d4bbc4d2,CocoXu08,2025-10-01,16:55:59,-07:00,2025-10-01T16:55:59-07:00,8,39
resume/index.html,86,html,d4bbc4d2,CocoXu08,2025-10-01,16:55:59,-07:00,2025-10-01T16:55:59-07:00,6,4
resume/index.html,87,html,d4bbc4d2,CocoXu08,2025-10-01,16:55:59,-07:00,2025-10-01T16:55:59-07:00,0,0
resume/index.html,88,html,d4bbc4d2,CocoXu08,2025-10-01,16:55:59,-07:00,2025-10-01T16:55:59-07:00,6,2
resume/index.html,89,html,d4bbc4d2,CocoXu08,2025-10-01,16:55:59,-07:00,2025-10-01T16:55:59-07:00,8,121
resume/index.html,90,html,d4bbc4d2,CocoXu08,2025-10-01,16:55:59,-07:00,2025-10-01T16:55:59-07:00,8,143
resume/index.html,91,html,d4bbc4d2,CocoXu08,2025-10-01,16:55:59,-07:00,2025-10-01T16:55:59-07:00,6,3
resume/index.html,92,html,d4bbc4d2,CocoXu08,2025-10-01,16:55:59,-07:00,2025-10-01T16:55:59-07:00,4,8
resume/index.html,93,html,d4bbc4d2,CocoXu08,2025-10-01,16:55:59,-07:00,2025-10-01T16:55:59-07:00,0,0
resume/index.html,94,html,d4bbc4d2,CocoXu08,2025-10-01,16:55:59,-07:00,2025-10-01T16:55:59-07:00,4,7
resume/index.html,95,html,d4bbc4d2,CocoXu08,2025-10-01,16:55:59,-07:00,2025-10-01T16:55:59-07:00,6,15
resume/index.html,96,html,d4bbc4d2,CocoXu08,2025-10-01,16:55:59,-07:00,2025-10-01T16:55:59-07:00,8,73
resume/index.html,97,html,6b4cc451,CocoXu08,2025-10-05,16:08:50,-07:00,2025-10-05T16:08:50-07:00,8,109
resume/index.html,98,html,d4bbc4d2,CocoXu08,2025-10-01,16:55:59,-07:00,2025-10-01T16:55:59-07:00,6,4
resume/index.html,99,html,d4bbc4d2,CocoXu08,2025-10-01,16:55:59,-07:00,2025-10-01T16:55:59-07:00,0,0
resume/index.html,100,html,d4bbc4d2,CocoXu08,2025-10-01,16:55:59,-07:00,2025-10-01T16:55:59-07:00,6,15
resume/index.html,101,html,d4bbc4d2,CocoXu08,2025-10-01,16:55:59,-07:00,2025-10-01T16:55:59-07:00,8,81
resume/index.html,102,html,d4bbc4d2,CocoXu08,2025-10-01,16:55:59,-07:00,2025-10-01T16:55:59-07:00,8,39
resume/index.html,103,html,d4bbc4d2,CocoXu08,2025-10-01,16:55:59,-07:00,2025-10-01T16:55:59-07:00,6,4
resume/index.html,104,html,d4bbc4d2,CocoXu08,2025-10-01,16:55:59,-07:00,2025-10-01T16:55:59-07:00,6,2
resume/index.html,105,html,d4bbc4d2,CocoXu08,2025-10-01,16:55:59,-07:00,2025-10-01T16:55:59-07:00,6,100
resume/index.html,106,html,d4bbc4d2,CocoXu08,2025-10-01,16:55:59,-07:00,2025-10-01T16:55:59-07:00,6,121
resume/index.html,107,html,d4bbc4d2,CocoXu08,2025-10-01,16:55:59,-07:00,2025-10-01T16:55:59-07:00,6,3
resume/index.html,108,html,d4bbc4d2,CocoXu08,2025-10-01,16:55:59,-07:00,2025-10-01T16:55:59-07:00,4,8
resume/index.html,109,html,d4bbc4d2,CocoXu08,2025-10-01,16:55:59,-07:00,2025-10-01T16:55:59-07:00,0,0
resume/index.html,110,html,d4bbc4d2,CocoXu08,2025-10-01,16:55:59,-07:00,2025-10-01T16:55:59-07:00,4,7
resume/index.html,111,html,d4bbc4d2,CocoXu08,2025-10-01,16:55:59,-07:00,2025-10-01T16:55:59-07:00,6,15
resume/index.html,112,html,d4bbc4d2,CocoXu08,2025-10-01,16:55:59,-07:00,2025-10-01T16:55:59-07:00,8,54
resume/index.html,113,html,6b4cc451,CocoXu08,2025-10-05,16:08:50,-07:00,2025-10-05T16:08:50-07:00,8,109
resume/index.html,114,html,d4bbc4d2,CocoXu08,2025-10-01,16:55:59,-07:00,2025-10-01T16:55:59-07:00,6,4
resume/index.html,115,html,d4bbc4d2,CocoXu08,2025-10-01,16:55:59,-07:00,2025-10-01T16:55:59-07:00,0,0
resume/index.html,116,html,d4bbc4d2,CocoXu08,2025-10-01,16:55:59,-07:00,2025-10-01T16:55:59-07:00,6,15
resume/index.html,117,html,d4bbc4d2,CocoXu08,2025-10-01,16:55:59,-07:00,2025-10-01T16:55:59-07:00,8,46
resume/index.html,118,html,d4bbc4d2,CocoXu08,2025-10-01,16:55:59,-07:00,2025-10-01T16:55:59-07:00,8,39
resume/index.html,119,html,d4bbc4d2,CocoXu08,2025-10-01,16:55:59,-07:00,2025-10-01T16:55:59-07:00,6,4
resume/index.html,120,html,d4bbc4d2,CocoXu08,2025-10-01,16:55:59,-07:00,2025-10-01T16:55:59-07:00,6,2
resume/index.html,121,html,d4bbc4d2,CocoXu08,2025-10-01,16:55:59,-07:00,2025-10-01T16:55:59-07:00,6,119
resume/index.html,122,html,d4bbc4d2,CocoXu08,2025-10-01,16:55:59,-07:00,2025-10-01T16:55:59-07:00,6,96
resume/index.html,123,html,d4bbc4d2,CocoXu08,2025-10-01,16:55:59,-07:00,2025-10-01T16:55:59-07:00,6,87
resume/index.html,124,html,d4bbc4d2,CocoXu08,2025-10-01,16:55:59,-07:00,2025-10-01T16:55:59-07:00,6,3
resume/index.html,125,html,d4bbc4d2,CocoXu08,2025-10-01,16:55:59,-07:00,2025-10-01T16:55:59-07:00,4,8
resume/index.html,126,html,d4bbc4d2,CocoXu08,2025-10-01,16:55:59,-07:00,2025-10-01T16:55:59-07:00,0,0
resume/index.html,127,html,d4bbc4d2,CocoXu08,2025-10-01,16:55:59,-07:00,2025-10-01T16:55:59-07:00,4,7
resume/index.html,128,html,d4bbc4d2,CocoXu08,2025-10-01,16:55:59,-07:00,2025-10-01T16:55:59-07:00,6,15
resume/index.html,129,html,d4bbc4d2,CocoXu08,2025-10-01,16:55:59,-07:00,2025-10-01T16:55:59-07:00,8,70
resume/index.html,130,html,6b4cc451,CocoXu08,2025-10-05,16:08:50,-07:00,2025-10-05T16:08:50-07:00,8,109
resume/index.html,131,html,d4bbc4d2,CocoXu08,2025-10-01,16:55:59,-07:00,2025-10-01T16:55:59-07:00,6,4
resume/index.html,132,html,d4bbc4d2,CocoXu08,2025-10-01,16:55:59,-07:00,2025-10-01T16:55:59-07:00,0,0
resume/index.html,133,html,d4bbc4d2,CocoXu08,2025-10-01,16:55:59,-07:00,2025-10-01T16:55:59-07:00,6,15
resume/index.html,134,html,d4bbc4d2,CocoXu08,2025-10-01,16:55:59,-07:00,2025-10-01T16:55:59-07:00,8,65
resume/index.html,135,html,d4bbc4d2,CocoXu08,2025-10-01,16:55:59,-07:00,2025-10-01T16:55:59-07:00,8,39
resume/index.html,136,html,d4bbc4d2,CocoXu08,2025-10-01,16:55:59,-07:00,2025-10-01T16:55:59-07:00,6,4
resume/index.html,137,html,d4bbc4d2,CocoXu08,2025-10-01,16:55:59,-07:00,2025-10-01T16:55:59-07:00,6,2
resume/index.html,138,html,d4bbc4d2,CocoXu08,2025-10-01,16:55:59,-07:00,2025-10-01T16:55:59-07:00,6,109
resume/index.html,139,html,d4bbc4d2,CocoXu08,2025-10-01,16:55:59,-07:00,2025-10-01T16:55:59-07:00,6,90
resume/index.html,140,html,d4bbc4d2,CocoXu08,2025-10-01,16:55:59,-07:00,2025-10-01T16:55:59-07:00,6,3
resume/index.html,141,html,d4bbc4d2,CocoXu08,2025-10-01,16:55:59,-07:00,2025-10-01T16:55:59-07:00,4,8
resume/index.html,142,html,d4bbc4d2,CocoXu08,2025-10-01,16:55:59,-07:00,2025-10-01T16:55:59-07:00,4,8
resume/index.html,143,html,d4bbc4d2,CocoXu08,2025-10-01,16:55:59,-07:00,2025-10-01T16:55:59-07:00,0,0
resume/index.html,144,html,d4bbc4d2,CocoXu08,2025-10-01,16:55:59,-07:00,2025-10-01T16:55:59-07:00,2,49
resume/index.html,145,html,d4bbc4d2,CocoXu08,2025-10-01,16:55:59,-07:00,2025-10-01T16:55:59-07:00,4,39
resume/index.html,146,html,d4bbc4d2,CocoXu08,2025-10-01,16:55:59,-07:00,2025-10-01T16:55:59-07:00,0,0
resume/index.html,147,html,d4bbc4d2,CocoXu08,2025-10-01,16:55:59,-07:00,2025-10-01T16:55:59-07:00,4,7
resume/index.html,148,html,d4bbc4d2,CocoXu08,2025-10-01,16:55:59,-07:00,2025-10-01T16:55:59-07:00,6,15
resume/index.html,149,html,d4bbc4d2,CocoXu08,2025-10-01,16:55:59,-07:00,2025-10-01T16:55:59-07:00,8,53
resume/index.html,150,html,6b4cc451,CocoXu08,2025-10-05,16:08:50,-07:00,2025-10-05T16:08:50-07:00,8,109
resume/index.html,151,html,d4bbc4d2,CocoXu08,2025-10-01,16:55:59,-07:00,2025-10-01T16:55:59-07:00,6,4
resume/index.html,152,html,d4bbc4d2,CocoXu08,2025-10-01,16:55:59,-07:00,2025-10-01T16:55:59-07:00,0,0
resume/index.html,153,html,d4bbc4d2,CocoXu08,2025-10-01,16:55:59,-07:00,2025-10-01T16:55:59-07:00,6,15
resume/index.html,154,html,d4bbc4d2,CocoXu08,2025-10-01,16:55:59,-07:00,2025-10-01T16:55:59-07:00,8,32
resume/index.html,155,html,d4bbc4d2,CocoXu08,2025-10-01,16:55:59,-07:00,2025-10-01T16:55:59-07:00,8,39
resume/index.html,156,html,d4bbc4d2,CocoXu08,2025-10-01,16:55:59,-07:00,2025-10-01T16:55:59-07:00,6,4
resume/index.html,157,html,d4bbc4d2,CocoXu08,2025-10-01,16:55:59,-07:00,2025-10-01T16:55:59-07:00,6,2
resume/index.html,158,html,d4bbc4d2,CocoXu08,2025-10-01,16:55:59,-07:00,2025-10-01T16:55:59-07:00,6,79
resume/index.html,159,html,d4bbc4d2,CocoXu08,2025-10-01,16:55:59,-07:00,2025-10-01T16:55:59-07:00,6,100
resume/index.html,160,html,d4bbc4d2,CocoXu08,2025-10-01,16:55:59,-07:00,2025-10-01T16:55:59-07:00,6,3
resume/index.html,161,html,d4bbc4d2,CocoXu08,2025-10-01,16:55:59,-07:00,2025-10-01T16:55:59-07:00,4,8
resume/index.html,162,html,d4bbc4d2,CocoXu08,2025-10-01,16:55:59,-07:00,2025-10-01T16:55:59-07:00,4,8
resume/index.html,163,html,d4bbc4d2,CocoXu08,2025-10-01,16:55:59,-07:00,2025-10-01T16:55:59-07:00,0,0
resume/index.html,164,html,d4bbc4d2,CocoXu08,2025-10-01,16:55:59,-07:00,2025-10-01T16:55:59-07:00,2,32
resume/index.html,165,html,d4bbc4d2,CocoXu08,2025-10-01,16:55:59,-07:00,2025-10-01T16:55:59-07:00,4,25
resume/index.html,166,html,d4bbc4d2,CocoXu08,2025-10-01,16:55:59,-07:00,2025-10-01T16:55:59-07:00,4,100
resume/index.html,167,html,d4bbc4d2,CocoXu08,2025-10-01,16:55:59,-07:00,2025-10-01T16:55:59-07:00,4,90
resume/index.html,168,html,d4bbc4d2,CocoXu08,2025-10-01,16:55:59,-07:00,2025-10-01T16:55:59-07:00,4,39
resume/index.html,169,html,d4bbc4d2,CocoXu08,2025-10-01,16:55:59,-07:00,2025-10-01T16:55:59-07:00,4,67
resume/index.html,170,html,d4bbc4d2,CocoXu08,2025-10-01,16:55:59,-07:00,2025-10-01T16:55:59-07:00,2,8
resume/index.html,171,html,d4bbc4d2,CocoXu08,2025-10-01,16:55:59,-07:00,2025-10-01T16:55:59-07:00,0,0
resume/index.html,172,html,d4bbc4d2,CocoXu08,2025-10-01,16:55:59,-07:00,2025-10-01T16:55:59-07:00,2,5
resume/index.html,173,html,b7862a65,CocoXu08,2025-10-12,09:54:14,-07:00,2025-10-12T09:54:14-07:00,2,48
resume/index.html,174,html,d4bbc4d2,CocoXu08,2025-10-01,16:55:59,-07:00,2025-10-01T16:55:59-07:00,0,5
resume/index.html,175,html,d4bbc4d2,CocoXu08,2025-10-01,16:55:59,-07:00,2025-10-01T16:55:59-07:00,0,5
projects/projects.js,1,js,1b4549c2,CocoXu08,2025-10-22,13:45:01,-07:00,2025-10-22T13:45:01-07:00,0,55
projects/projects.js,2,js,1b4549c2,CocoXu08,2025-10-22,13:45:01,-07:00,2025-10-22T13:45:01-07:00,0,55
projects/projects.js,3,js,1b4549c2,CocoXu08,2025-10-22,13:45:01,-07:00,2025-10-22T13:45:01-07:00,0,60
projects/projects.js,4,js,1b4549c2,CocoXu08,2025-10-22,13:45:01,-07:00,2025-10-22T13:45:01-07:00,0,48
projects/projects.js,5,js,1b4549c2,CocoXu08,2025-10-22,13:45:01,-07:00,2025-10-22T13:45:01-07:00,0,0
projects/projects.js,6,js,1b4549c2,CocoXu08,2025-10-22,13:45:01,-07:00,2025-10-22T13:45:01-07:00,0,54
projects/projects.js,7,js,f2ef837c,CocoXu08,2025-10-29,20:13:17,-07:00,2025-10-29T20:13:17-07:00,0,48
projects/projects.js,8,js,f2ef837c,CocoXu08,2025-10-29,20:13:17,-07:00,2025-10-29T20:13:17-07:00,0,0
projects/projects.js,9,js,f2ef837c,CocoXu08,2025-10-29,20:13:17,-07:00,2025-10-29T20:13:17-07:00,0,0
projects/projects.js,10,js,f2ef837c,CocoXu08,2025-10-29,20:13:17,-07:00,2025-10-29T20:13:17-07:00,0,7
projects/projects.js,11,js,f2ef837c,CocoXu08,2025-10-29,20:13:17,-07:00,2025-10-29T20:13:17-07:00,0,63
projects/projects.js,12,js,f2ef837c,CocoXu08,2025-10-29,20:13:17,-07:00,2025-10-29T20:13:17-07:00,0,0
projects/projects.js,13,js,f2ef837c,CocoXu08,2025-10-29,20:13:17,-07:00,2025-10-29T20:13:17-07:00,0,57
projects/projects.js,14,js,f2ef837c,CocoXu08,2025-10-29,20:13:17,-07:00,2025-10-29T20:13:17-07:00,0,47
projects/projects.js,15,js,f2ef837c,CocoXu08,2025-10-29,20:13:17,-07:00,2025-10-29T20:13:17-07:00,0,21
projects/projects.js,16,js,f2ef837c,CocoXu08,2025-10-29,20:13:17,-07:00,2025-10-29T20:13:17-07:00,0,22
projects/projects.js,17,js,f2ef837c,CocoXu08,2025-10-29,20:13:17,-07:00,2025-10-29T20:13:17-07:00,0,13
projects/projects.js,18,js,f2ef837c,CocoXu08,2025-10-29,20:13:17,-07:00,2025-10-29T20:13:17-07:00,0,0
projects/projects.js,19,js,f2ef837c,CocoXu08,2025-10-29,20:13:17,-07:00,2025-10-29T20:13:17-07:00,0,0
projects/projects.js,20,js,f2ef837c,CocoXu08,2025-10-29,20:13:17,-07:00,2025-10-29T20:13:17-07:00,0,40
projects/projects.js,21,js,f2ef837c,CocoXu08,2025-10-29,20:13:17,-07:00,2025-10-29T20:13:17-07:00,0,38
projects/projects.js,22,js,f2ef837c,CocoXu08,2025-10-29,20:13:17,-07:00,2025-10-29T20:13:17-07:00,1,25
projects/projects.js,23,js,f2ef837c,CocoXu08,2025-10-29,20:13:17,-07:00,2025-10-29T20:13:17-07:00,1,29
projects/projects.js,24,js,f2ef837c,CocoXu08,2025-10-29,20:13:17,-07:00,2025-10-29T20:13:17-07:00,2,12
projects/projects.js,25,js,f2ef837c,CocoXu08,2025-10-29,20:13:17,-07:00,2025-10-29T20:13:17-07:00,2,14
projects/projects.js,26,js,f2ef837c,CocoXu08,2025-10-29,20:13:17,-07:00,2025-10-29T20:13:17-07:00,2,12
projects/projects.js,27,js,f2ef837c,CocoXu08,2025-10-29,20:13:17,-07:00,2025-10-29T20:13:17-07:00,1,0
projects/projects.js,28,js,f2ef837c,CocoXu08,2025-10-29,20:13:17,-07:00,2025-10-29T20:13:17-07:00,1,18
projects/projects.js,29,js,f2ef837c,CocoXu08,2025-10-29,20:13:17,-07:00,2025-10-29T20:13:17-07:00,1,80
projects/projects.js,30,js,f2ef837c,CocoXu08,2025-10-29,20:13:17,-07:00,2025-10-29T20:13:17-07:00,0,0
projects/projects.js,31,js,f2ef837c,CocoXu08,2025-10-29,20:13:17,-07:00,2025-10-29T20:13:17-07:00,1,50
projects/projects.js,32,js,f2ef837c,CocoXu08,2025-10-29,20:13:17,-07:00,2025-10-29T20:13:17-07:00,1,53
projects/projects.js,33,js,f2ef837c,CocoXu08,2025-10-29,20:13:17,-07:00,2025-10-29T20:13:17-07:00,1,42
projects/projects.js,34,js,f2ef837c,CocoXu08,2025-10-29,20:13:17,-07:00,2025-10-29T20:13:17-07:00,1,51
projects/projects.js,35,js,f2ef837c,CocoXu08,2025-10-29,20:13:17,-07:00,2025-10-29T20:13:17-07:00,0,0
projects/projects.js,36,js,f2ef837c,CocoXu08,2025-10-29,20:13:17,-07:00,2025-10-29T20:13:17-07:00,1,33
projects/projects.js,37,js,f2ef837c,CocoXu08,2025-10-29,20:13:17,-07:00,2025-10-29T20:13:17-07:00,1,39
projects/projects.js,38,js,f2ef837c,CocoXu08,2025-10-29,20:13:17,-07:00,2025-10-29T20:13:17-07:00,1,32
projects/projects.js,39,js,f2ef837c,CocoXu08,2025-10-29,20:13:17,-07:00,2025-10-29T20:13:17-07:00,1,44
projects/projects.js,40,js,f2ef837c,CocoXu08,2025-10-29,20:13:17,-07:00,2025-10-29T20:13:17-07:00,0,0
projects/projects.js,41,js,f2ef837c,CocoXu08,2025-10-29,20:13:17,-07:00,2025-10-29T20:13:17-07:00,1,27
projects/projects.js,42,js,f2ef837c,CocoXu08,2025-10-29,20:13:17,-07:00,2025-10-29T20:13:17-07:00,1,4
projects/projects.js,43,js,f2ef837c,CocoXu08,2025-10-29,20:13:17,-07:00,2025-10-29T20:13:17-07:00,2,13
projects/projects.js,44,js,f2ef837c,CocoXu08,2025-10-29,20:13:17,-07:00,2025-10-29T20:13:17-07:00,2,13
projects/projects.js,45,js,f2ef837c,CocoXu08,2025-10-29,20:13:17,-07:00,2025-10-29T20:13:17-07:00,2,22
projects/projects.js,46,js,f2ef837c,CocoXu08,2025-10-29,20:13:17,-07:00,2025-10-29T20:13:17-07:00,2,18
projects/projects.js,47,js,f2ef837c,CocoXu08,2025-10-29,20:13:17,-07:00,2025-10-29T20:13:17-07:00,3,17
projects/projects.js,48,js,f2ef837c,CocoXu08,2025-10-29,20:13:17,-07:00,2025-10-29T20:13:17-07:00,4,43
projects/projects.js,49,js,f2ef837c,CocoXu08,2025-10-29,20:13:17,-07:00,2025-10-29T20:13:17-07:00,4,74
projects/projects.js,50,js,f2ef837c,CocoXu08,2025-10-29,20:13:17,-07:00,2025-10-29T20:13:17-07:00,0,0
projects/projects.js,51,js,f2ef837c,CocoXu08,2025-10-29,20:13:17,-07:00,2025-10-29T20:13:17-07:00,4,24
projects/projects.js,52,js,f2ef837c,CocoXu08,2025-10-29,20:13:17,-07:00,2025-10-29T20:13:17-07:00,4,22
projects/projects.js,53,js,f2ef837c,CocoXu08,2025-10-29,20:13:17,-07:00,2025-10-29T20:13:17-07:00,4,70
projects/projects.js,54,js,f2ef837c,CocoXu08,2025-10-29,20:13:17,-07:00,2025-10-29T20:13:17-07:00,4,34
projects/projects.js,55,js,f2ef837c,CocoXu08,2025-10-29,20:13:17,-07:00,2025-10-29T20:13:17-07:00,4,70
projects/projects.js,56,js,f2ef837c,CocoXu08,2025-10-29,20:13:17,-07:00,2025-10-29T20:13:17-07:00,0,0
projects/projects.js,57,js,f2ef837c,CocoXu08,2025-10-29,20:13:17,-07:00,2025-10-29T20:13:17-07:00,4,58
projects/projects.js,58,js,f2ef837c,CocoXu08,2025-10-29,20:13:17,-07:00,2025-10-29T20:13:17-07:00,4,33
projects/projects.js,59,js,f2ef837c,CocoXu08,2025-10-29,20:13:17,-07:00,2025-10-29T20:13:17-07:00,4,64
projects/projects.js,60,js,f2ef837c,CocoXu08,2025-10-29,20:13:17,-07:00,2025-10-29T20:13:17-07:00,4,55
projects/projects.js,61,js,f2ef837c,CocoXu08,2025-10-29,20:13:17,-07:00,2025-10-29T20:13:17-07:00,4,0
projects/projects.js,62,js,f2ef837c,CocoXu08,2025-10-29,20:13:17,-07:00,2025-10-29T20:13:17-07:00,0,0
projects/projects.js,63,js,f2ef837c,CocoXu08,2025-10-29,20:13:17,-07:00,2025-10-29T20:13:17-07:00,4,43
projects/projects.js,64,js,f2ef837c,CocoXu08,2025-10-29,20:13:17,-07:00,2025-10-29T20:13:17-07:00,4,48
projects/projects.js,65,js,f2ef837c,CocoXu08,2025-10-29,20:13:17,-07:00,2025-10-29T20:13:17-07:00,4,23
projects/projects.js,66,js,f2ef837c,CocoXu08,2025-10-29,20:13:17,-07:00,2025-10-29T20:13:17-07:00,2,1
projects/projects.js,67,js,f2ef837c,CocoXu08,2025-10-29,20:13:17,-07:00,2025-10-29T20:13:17-07:00,0,1
projects/projects.js,68,js,f2ef837c,CocoXu08,2025-10-29,20:13:17,-07:00,2025-10-29T20:13:17-07:00,0,0
projects/projects.js,69,js,f2ef837c,CocoXu08,2025-10-29,20:13:17,-07:00,2025-10-29T20:13:17-07:00,0,0
projects/projects.js,70,js,f2ef837c,CocoXu08,2025-10-29,20:13:17,-07:00,2025-10-29T20:13:17-07:00,1,53
projects/projects.js,71,js,f2ef837c,CocoXu08,2025-10-29,20:13:17,-07:00,2025-10-29T20:13:17-07:00,0,32
projects/projects.js,72,js,f2ef837c,CocoXu08,2025-10-29,20:13:17,-07:00,2025-10-29T20:13:17-07:00,0,9
projects/projects.js,73,js,f2ef837c,CocoXu08,2025-10-29,20:13:17,-07:00,2025-10-29T20:13:17-07:00,0,20
projects/projects.js,74,js,f2ef837c,CocoXu08,2025-10-29,20:13:17,-07:00,2025-10-29T20:13:17-07:00,0,20
projects/projects.js,75,js,f2ef837c,CocoXu08,2025-10-29,20:13:17,-07:00,2025-10-29T20:13:17-07:00,0,29
projects/projects.js,76,js,f2ef837c,CocoXu08,2025-10-29,20:13:17,-07:00,2025-10-29T20:13:17-07:00,0,28
projects/projects.js,77,js,f2ef837c,CocoXu08,2025-10-29,20:13:17,-07:00,2025-10-29T20:13:17-07:00,0,55
projects/projects.js,78,js,f2ef837c,CocoXu08,2025-10-29,20:13:17,-07:00,2025-10-29T20:13:17-07:00,0,32
projects/projects.js,79,js,f2ef837c,CocoXu08,2025-10-29,20:13:17,-07:00,2025-10-29T20:13:17-07:00,0,64
projects/projects.js,80,js,f2ef837c,CocoXu08,2025-10-29,20:13:17,-07:00,2025-10-29T20:13:17-07:00,0,13
projects/projects.js,81,js,f2ef837c,CocoXu08,2025-10-29,20:13:17,-07:00,2025-10-29T20:13:17-07:00,0,54
projects/projects.js,82,js,f2ef837c,CocoXu08,2025-10-29,20:13:17,-07:00,2025-10-29T20:13:17-07:00,0,88
projects/projects.js,83,js,f2ef837c,CocoXu08,2025-10-29,20:13:17,-07:00,2025-10-29T20:13:17-07:00,0,59
projects/projects.js,84,js,f2ef837c,CocoXu08,2025-10-29,20:13:17,-07:00,2025-10-29T20:13:17-07:00,0,6
projects/projects.js,85,js,f2ef837c,CocoXu08,2025-10-29,20:13:17,-07:00,2025-10-29T20:13:17-07:00,0,0
projects/projects.js,86,js,f2ef837c,CocoXu08,2025-10-29,20:13:17,-07:00,2025-10-29T20:13:17-07:00,0,31
projects/projects.js,87,js,f2ef837c,CocoXu08,2025-10-29,20:13:17,-07:00,2025-10-29T20:13:17-07:00,0,81
projects/projects.js,88,js,f2ef837c,CocoXu08,2025-10-29,20:13:17,-07:00,2025-10-29T20:13:17-07:00,0,0
projects/projects.js,89,js,f2ef837c,CocoXu08,2025-10-29,20:13:17,-07:00,2025-10-29T20:13:17-07:00,0,43
projects/projects.js,90,js,f2ef837c,CocoXu08,2025-10-29,20:13:17,-07:00,2025-10-29T20:13:17-07:00,0,81
projects/projects.js,91,js,f2ef837c,CocoXu08,2025-10-29,20:13:17,-07:00,2025-10-29T20:13:17-07:00,0,0
projects/projects.js,92,js,f2ef837c,CocoXu08,2025-10-29,20:13:17,-07:00,2025-10-29T20:13:17-07:00,0,34
projects/projects.js,93,js,f2ef837c,CocoXu08,2025-10-29,20:13:17,-07:00,2025-10-29T20:13:17-07:00,0,64
projects/projects.js,94,js,f2ef837c,CocoXu08,2025-10-29,20:13:17,-07:00,2025-10-29T20:13:17-07:00,0,15
projects/projects.js,95,js,f2ef837c,CocoXu08,2025-10-29,20:13:17,-07:00,2025-10-29T20:13:17-07:00,0,54
projects/projects.js,96,js,f2ef837c,CocoXu08,2025-10-29,20:13:17,-07:00,2025-10-29T20:13:17-07:00,0,88
projects/projects.js,97,js,f2ef837c,CocoXu08,2025-10-29,20:13:17,-07:00,2025-10-29T20:13:17-07:00,0,59
projects/projects.js,98,js,f2ef837c,CocoXu08,2025-10-29,20:13:17,-07:00,2025-10-29T20:13:17-07:00,0,8
projects/projects.js,99,js,f2ef837c,CocoXu08,2025-10-29,20:13:17,-07:00,2025-10-29T20:13:17-07:00,0,8
projects/projects.js,100,js,f2ef837c,CocoXu08,2025-10-29,20:13:17,-07:00,2025-10-29T20:13:17-07:00,0,4
projects/projects.js,101,js,f2ef837c,CocoXu08,2025-10-29,20:13:17,-07:00,2025-10-29T20:13:17-07:00,0,0
projects/projects.js,102,js,f2ef837c,CocoXu08,2025-10-29,20:13:17,-07:00,2025-10-29T20:13:17-07:00,0,32
projects/projects.js,103,js,f2ef837c,CocoXu08,2025-10-29,20:13:17,-07:00,2025-10-29T20:13:17-07:00,0,27
projects/projects.js,104,js,f2ef837c,CocoXu08,2025-10-29,20:13:17,-07:00,2025-10-29T20:13:17-07:00,1,4
projects/projects.js,105,js,f2ef837c,CocoXu08,2025-10-29,20:13:17,-07:00,2025-10-29T20:13:17-07:00,2,11
projects/projects.js,106,js,f2ef837c,CocoXu08,2025-10-29,20:13:17,-07:00,2025-10-29T20:13:17-07:00,2,38
projects/projects.js,107,js,f2ef837c,CocoXu08,2025-10-29,20:13:17,-07:00,2025-10-29T20:13:17-07:00,2,65
projects/projects.js,108,js,f2ef837c,CocoXu08,2025-10-29,20:13:17,-07:00,2025-10-29T20:13:17-07:00,2,69
projects/projects.js,109,js,f2ef837c,CocoXu08,2025-10-29,20:13:17,-07:00,2025-10-29T20:13:17-07:00,0,1
projects/projects.js,110,js,f2ef837c,CocoXu08,2025-10-29,20:13:17,-07:00,2025-10-29T20:13:17-07:00,0,0
projects/projects.js,111,js,f2ef837c,CocoXu08,2025-10-29,20:13:17,-07:00,2025-10-29T20:13:17-07:00,0,0
projects/projects.js,112,js,f2ef837c,CocoXu08,2025-10-29,20:13:17,-07:00,2025-10-29T20:13:17-07:00,0,32
projects/projects.js,113,js,f2ef837c,CocoXu08,2025-10-29,20:13:17,-07:00,2025-10-29T20:13:17-07:00,0,23
projects/projects.js,114,js,f2ef837c,CocoXu08,2025-10-29,20:13:17,-07:00,2025-10-29T20:13:17-07:00,0,0
projects/projects.js,115,js,f2ef837c,CocoXu08,2025-10-29,20:13:17,-07:00,2025-10-29T20:13:17-07:00,0,0
projects/projects.js,116,js,f2ef837c,CocoXu08,2025-10-29,20:13:17,-07:00,2025-10-29T20:13:17-07:00,0,53
projects/projects.js,117,js,f2ef837c,CocoXu08,2025-10-29,20:13:17,-07:00,2025-10-29T20:13:17-07:00,0,52
projects/projects.js,118,js,f2ef837c,CocoXu08,2025-10-29,20:13:17,-07:00,2025-10-29T20:13:17-07:00,0,48
projects/projects.js,119,js,f2ef837c,CocoXu08,2025-10-29,20:13:17,-07:00,2025-10-29T20:13:17-07:00,0,52
projects/projects.js,120,js,f2ef837c,CocoXu08,2025-10-29,20:13:17,-07:00,2025-10-29T20:13:17-07:00,0,68
projects/projects.js,121,js,f2ef837c,CocoXu08,2025-10-29,20:13:17,-07:00,2025-10-29T20:13:17-07:00,0,5
projects/projects.js,122,js,f2ef837c,CocoXu08,2025-10-29,20:13:17,-07:00,2025-10-29T20:13:17-07:00,0,61
projects/projects.js,123,js,f2ef837c,CocoXu08,2025-10-29,20:13:17,-07:00,2025-10-29T20:13:17-07:00,0,36
projects/projects.js,124,js,f2ef837c,CocoXu08,2025-10-29,20:13:17,-07:00,2025-10-29T20:13:17-07:00,0,4
projects/projects.js,125,js,f2ef837c,CocoXu08,2025-10-29,20:13:17,-07:00,2025-10-29T20:13:17-07:00,0,0
projects/projects.js,126,js,f2ef837c,CocoXu08,2025-10-29,20:13:17,-07:00,2025-10-29T20:13:17-07:00,0,49
projects/projects.js,127,js,f2ef837c,CocoXu08,2025-10-29,20:13:17,-07:00,2025-10-29T20:13:17-07:00,1,39
projects/projects.js,128,js,f2ef837c,CocoXu08,2025-10-29,20:13:17,-07:00,2025-10-29T20:13:17-07:00,0,0
projects/projects.js,129,js,f2ef837c,CocoXu08,2025-10-29,20:13:17,-07:00,2025-10-29T20:13:17-07:00,1,33
projects/projects.js,130,js,f2ef837c,CocoXu08,2025-10-29,20:13:17,-07:00,2025-10-29T20:13:17-07:00,2,64
projects/projects.js,131,js,f2ef837c,CocoXu08,2025-10-29,20:13:17,-07:00,2025-10-29T20:13:17-07:00,2,55
projects/projects.js,132,js,f2ef837c,CocoXu08,2025-10-29,20:13:17,-07:00,2025-10-29T20:13:17-07:00,1,0
projects/projects.js,133,js,f2ef837c,CocoXu08,2025-10-29,20:13:17,-07:00,2025-10-29T20:13:17-07:00,0,0
projects/projects.js,134,js,f2ef837c,CocoXu08,2025-10-29,20:13:17,-07:00,2025-10-29T20:13:17-07:00,1,48
projects/projects.js,135,js,f2ef837c,CocoXu08,2025-10-29,20:13:17,-07:00,2025-10-29T20:13:17-07:00,1,23
projects/projects.js,136,js,f2ef837c,CocoXu08,2025-10-29,20:13:17,-07:00,2025-10-29T20:13:17-07:00,0,1
projects/projects.js,137,js,f2ef837c,CocoXu08,2025-10-29,20:13:17,-07:00,2025-10-29T20:13:17-07:00,0,0
projects/projects.js,138,js,f2ef837c,CocoXu08,2025-10-29,20:13:17,-07:00,2025-10-29T20:13:17-07:00,0,0
projects/projects.js,139,js,f2ef837c,CocoXu08,2025-10-29,20:13:17,-07:00,2025-10-29T20:13:17-07:00,0,0
projects/projects.js,140,js,f2ef837c,CocoXu08,2025-10-29,20:13:17,-07:00,2025-10-29T20:13:17-07:00,0,0
projects/index.html,1,html,d4bbc4d2,CocoXu08,2025-10-01,16:55:59,-07:00,2025-10-01T16:55:59-07:00,0,13
projects/index.html,2,html,d4bbc4d2,CocoXu08,2025-10-01,16:55:59,-07:00,2025-10-01T16:55:59-07:00,0,14
projects/index.html,3,html,d4bbc4d2,CocoXu08,2025-10-01,16:55:59,-07:00,2025-10-01T16:55:59-07:00,0,4
projects/index.html,4,html,d4bbc4d2,CocoXu08,2025-10-01,16:55:59,-07:00,2025-10-01T16:55:59-07:00,2,20
projects/index.html,5,html,d4bbc4d2,CocoXu08,2025-10-01,16:55:59,-07:00,2025-10-01T16:55:59-07:00,2,68
projects/index.html,6,html,d4bbc4d2,CocoXu08,2025-10-01,16:55:59,-07:00,2025-10-01T16:55:59-07:00,2,33
projects/index.html,7,html,d4bbc4d2,CocoXu08,2025-10-01,16:55:59,-07:00,2025-10-01T16:55:59-07:00,2,41
projects/index.html,8,html,d4bbc4d2,CocoXu08,2025-10-01,16:55:59,-07:00,2025-10-01T16:55:59-07:00,0,5
projects/index.html,9,html,0889a9d6,CocoXu08,2025-10-16,19:57:41,-07:00,2025-10-16T19:57:41-07:00,0,8
projects/index.html,10,html,d4bbc4d2,CocoXu08,2025-10-01,16:55:59,-07:00,2025-10-01T16:55:59-07:00,2,30
projects/index.html,11,html,d4bbc4d2,CocoXu08,2025-10-01,16:55:59,-07:00,2025-10-01T16:55:59-07:00,2,31
projects/index.html,12,html,d4bbc4d2,CocoXu08,2025-10-01,16:55:59,-07:00,2025-10-01T16:55:59-07:00,2,41
projects/index.html,13,html,d4bbc4d2,CocoXu08,2025-10-01,16:55:59,-07:00,2025-10-01T16:55:59-07:00,2,39
projects/index.html,14,html,d4bbc4d2,CocoXu08,2025-10-01,16:55:59,-07:00,2025-10-01T16:55:59-07:00,2,62
projects/index.html,15,html,0889a9d6,CocoXu08,2025-10-16,19:57:41,-07:00,2025-10-16T19:57:41-07:00,0,8
projects/index.html,16,html,6b4cc451,CocoXu08,2025-10-05,16:08:50,-07:00,2025-10-05T16:08:50-07:00,0,4
projects/index.html,17,html,1b4549c2,CocoXu08,2025-10-22,13:45:01,-07:00,2025-10-22T13:45:01-07:00,2,38
projects/index.html,18,html,f2ef837c,CocoXu08,2025-10-29,20:13:17,-07:00,2025-10-29T20:13:17-07:00,2,53
projects/index.html,19,html,f2ef837c,CocoXu08,2025-10-29,20:13:17,-07:00,2025-10-29T20:13:17-07:00,4,68
projects/index.html,20,html,f2ef837c,CocoXu08,2025-10-29,20:13:17,-07:00,2025-10-29T20:13:17-07:00,4,35
projects/index.html,21,html,f2ef837c,CocoXu08,2025-10-29,20:13:17,-07:00,2025-10-29T20:13:17-07:00,4,22
projects/index.html,22,html,f2ef837c,CocoXu08,2025-10-29,20:13:17,-07:00,2025-10-29T20:13:17-07:00,2,8
projects/index.html,23,html,f2ef837c,CocoXu08,2025-10-29,20:13:17,-07:00,2025-10-29T20:13:17-07:00,2,21
projects/index.html,24,html,f2ef837c,CocoXu08,2025-10-29,20:13:17,-07:00,2025-10-29T20:13:17-07:00,4,54
projects/index.html,25,html,f2ef837c,CocoXu08,2025-10-29,20:13:17,-07:00,2025-10-29T20:13:17-07:00,4,22
projects/index.html,26,html,f2ef837c,CocoXu08,2025-10-29,20:13:17,-07:00,2025-10-29T20:13:17-07:00,2,4
projects/index.html,27,html,f2ef837c,CocoXu08,2025-10-29,20:13:17,-07:00,2025-10-29T20:13:17-07:00,2,4
projects/index.html,28,html,f2ef837c,CocoXu08,2025-10-29,20:13:17,-07:00,2025-10-29T20:13:17-07:00,4,15
projects/index.html,29,html,f2ef837c,CocoXu08,2025-10-29,20:13:17,-07:00,2025-10-29T20:13:17-07:00,4,11
projects/index.html,30,html,f2ef837c,CocoXu08,2025-10-29,20:13:17,-07:00,2025-10-29T20:13:17-07:00,4,26
projects/index.html,31,html,f2ef837c,CocoXu08,2025-10-29,20:13:17,-07:00,2025-10-29T20:13:17-07:00,4,31
projects/index.html,32,html,f2ef837c,CocoXu08,2025-10-29,20:13:17,-07:00,2025-10-29T20:13:17-07:00,2,0
projects/index.html,33,html,f2ef837c,CocoXu08,2025-10-29,20:13:17,-07:00,2025-10-29T20:13:17-07:00,2,0
projects/index.html,34,html,6b4cc451,CocoXu08,2025-10-05,16:08:50,-07:00,2025-10-05T16:08:50-07:00,2,20
projects/index.html,35,html,1b4549c2,CocoXu08,2025-10-22,13:45:01,-07:00,2025-10-22T13:45:01-07:00,4,48
projects/index.html,36,html,1b4549c2,CocoXu08,2025-10-22,13:45:01,-07:00,2025-10-22T13:45:01-07:00,4,47
projects/index.html,37,html,1b4549c2,CocoXu08,2025-10-22,13:45:01,-07:00,2025-10-22T13:45:01-07:00,4,53
projects/index.html,38,html,1b4549c2,CocoXu08,2025-10-22,13:45:01,-07:00,2025-10-22T13:45:01-07:00,4,51
projects/index.html,39,html,1b4549c2,CocoXu08,2025-10-22,13:45:01,-07:00,2025-10-22T13:45:01-07:00,4,12
projects/index.html,40,html,6b4cc451,CocoXu08,2025-10-05,16:08:50,-07:00,2025-10-05T16:08:50-07:00,6,29
projects/index.html,41,html,6b4cc451,CocoXu08,2025-10-05,16:08:50,-07:00,2025-10-05T16:08:50-07:00,6,70
projects/index.html,42,html,6b4cc451,CocoXu08,2025-10-05,16:08:50,-07:00,2025-10-05T16:08:50-07:00,6,244
projects/index.html,43,html,6b4cc451,CocoXu08,2025-10-05,16:08:50,-07:00,2025-10-05T16:08:50-07:00,4,8
projects/index.html,44,html,6b4cc451,CocoXu08,2025-10-05,16:08:50,-07:00,2025-10-05T16:08:50-07:00,4,7
projects/index.html,45,html,6b4cc451,CocoXu08,2025-10-05,16:08:50,-07:00,2025-10-05T16:08:50-07:00,6,31
projects/index.html,46,html,6b4cc451,CocoXu08,2025-10-05,16:08:50,-07:00,2025-10-05T16:08:50-07:00,6,70
projects/index.html,47,html,6b4cc451,CocoXu08,2025-10-05,16:08:50,-07:00,2025-10-05T16:08:50-07:00,6,231
projects/index.html,48,html,6b4cc451,CocoXu08,2025-10-05,16:08:50,-07:00,2025-10-05T16:08:50-07:00,4,8
projects/index.html,49,html,6b4cc451,CocoXu08,2025-10-05,16:08:50,-07:00,2025-10-05T16:08:50-07:00,4,7
projects/index.html,50,html,6b4cc451,CocoXu08,2025-10-05,16:08:50,-07:00,2025-10-05T16:08:50-07:00,6,47
projects/index.html,51,html,6b4cc451,CocoXu08,2025-10-05,16:08:50,-07:00,2025-10-05T16:08:50-07:00,6,70
projects/index.html,52,html,6b4cc451,CocoXu08,2025-10-05,16:08:50,-07:00,2025-10-05T16:08:50-07:00,6,262
projects/index.html,53,html,6b4cc451,CocoXu08,2025-10-05,16:08:50,-07:00,2025-10-05T16:08:50-07:00,4,8
projects/index.html,54,html,6b4cc451,CocoXu08,2025-10-05,16:08:50,-07:00,2025-10-05T16:08:50-07:00,4,7
projects/index.html,55,html,6b4cc451,CocoXu08,2025-10-05,16:08:50,-07:00,2025-10-05T16:08:50-07:00,6,32
projects/index.html,56,html,6b4cc451,CocoXu08,2025-10-05,16:08:50,-07:00,2025-10-05T16:08:50-07:00,6,70
projects/index.html,57,html,6b4cc451,CocoXu08,2025-10-05,16:08:50,-07:00,2025-10-05T16:08:50-07:00,6,238
projects/index.html,58,html,6b4cc451,CocoXu08,2025-10-05,16:08:50,-07:00,2025-10-05T16:08:50-07:00,4,8
projects/index.html,59,html,6b4cc451,CocoXu08,2025-10-05,16:08:50,-07:00,2025-10-05T16:08:50-07:00,4,7
projects/index.html,60,html,6b4cc451,CocoXu08,2025-10-05,16:08:50,-07:00,2025-10-05T16:08:50-07:00,6,36
projects/index.html,61,html,6b4cc451,CocoXu08,2025-10-05,16:08:50,-07:00,2025-10-05T16:08:50-07:00,6,70
projects/index.html,62,html,6b4cc451,CocoXu08,2025-10-05,16:08:50,-07:00,2025-10-05T16:08:50-07:00,6,230
projects/index.html,63,html,6b4cc451,CocoXu08,2025-10-05,16:08:50,-07:00,2025-10-05T16:08:50-07:00,4,8
projects/index.html,64,html,6b4cc451,CocoXu08,2025-10-05,16:08:50,-07:00,2025-10-05T16:08:50-07:00,4,7
projects/index.html,65,html,6b4cc451,CocoXu08,2025-10-05,16:08:50,-07:00,2025-10-05T16:08:50-07:00,6,44
projects/index.html,66,html,6b4cc451,CocoXu08,2025-10-05,16:08:50,-07:00,2025-10-05T16:08:50-07:00,6,70
projects/index.html,67,html,6b4cc451,CocoXu08,2025-10-05,16:08:50,-07:00,2025-10-05T16:08:50-07:00,6,228
projects/index.html,68,html,6b4cc451,CocoXu08,2025-10-05,16:08:50,-07:00,2025-10-05T16:08:50-07:00,4,8
projects/index.html,69,html,6b4cc451,CocoXu08,2025-10-05,16:08:50,-07:00,2025-10-05T16:08:50-07:00,4,7
projects/index.html,70,html,6b4cc451,CocoXu08,2025-10-05,16:08:50,-07:00,2025-10-05T16:08:50-07:00,6,43
projects/index.html,71,html,6b4cc451,CocoXu08,2025-10-05,16:08:50,-07:00,2025-10-05T16:08:50-07:00,6,70
projects/index.html,72,html,6b4cc451,CocoXu08,2025-10-05,16:08:50,-07:00,2025-10-05T16:08:50-07:00,6,238
projects/index.html,73,html,6b4cc451,CocoXu08,2025-10-05,16:08:50,-07:00,2025-10-05T16:08:50-07:00,4,8
projects/index.html,74,html,6b4cc451,CocoXu08,2025-10-05,16:08:50,-07:00,2025-10-05T16:08:50-07:00,4,7
projects/index.html,75,html,6b4cc451,CocoXu08,2025-10-05,16:08:50,-07:00,2025-10-05T16:08:50-07:00,6,45
projects/index.html,76,html,6b4cc451,CocoXu08,2025-10-05,16:08:50,-07:00,2025-10-05T16:08:50-07:00,6,70
projects/index.html,77,html,6b4cc451,CocoXu08,2025-10-05,16:08:50,-07:00,2025-10-05T16:08:50-07:00,6,231
projects/index.html,78,html,6b4cc451,CocoXu08,2025-10-05,16:08:50,-07:00,2025-10-05T16:08:50-07:00,4,8
projects/index.html,79,html,6b4cc451,CocoXu08,2025-10-05,16:08:50,-07:00,2025-10-05T16:08:50-07:00,4,7
projects/index.html,80,html,6b4cc451,CocoXu08,2025-10-05,16:08:50,-07:00,2025-10-05T16:08:50-07:00,6,43
projects/index.html,81,html,6b4cc451,CocoXu08,2025-10-05,16:08:50,-07:00,2025-10-05T16:08:50-07:00,6,70
projects/index.html,82,html,6b4cc451,CocoXu08,2025-10-05,16:08:50,-07:00,2025-10-05T16:08:50-07:00,6,212
projects/index.html,83,html,6b4cc451,CocoXu08,2025-10-05,16:08:50,-07:00,2025-10-05T16:08:50-07:00,4,8
projects/index.html,84,html,6b4cc451,CocoXu08,2025-10-05,16:08:50,-07:00,2025-10-05T16:08:50-07:00,4,7
projects/index.html,85,html,6b4cc451,CocoXu08,2025-10-05,16:08:50,-07:00,2025-10-05T16:08:50-07:00,6,43
projects/index.html,86,html,6b4cc451,CocoXu08,2025-10-05,16:08:50,-07:00,2025-10-05T16:08:50-07:00,6,70
projects/index.html,87,html,6b4cc451,CocoXu08,2025-10-05,16:08:50,-07:00,2025-10-05T16:08:50-07:00,6,230
projects/index.html,88,html,6b4cc451,CocoXu08,2025-10-05,16:08:50,-07:00,2025-10-05T16:08:50-07:00,4,8
projects/index.html,89,html,6b4cc451,CocoXu08,2025-10-05,16:08:50,-07:00,2025-10-05T16:08:50-07:00,4,7
projects/index.html,90,html,6b4cc451,CocoXu08,2025-10-05,16:08:50,-07:00,2025-10-05T16:08:50-07:00,6,40
projects/index.html,91,html,6b4cc451,CocoXu08,2025-10-05,16:08:50,-07:00,2025-10-05T16:08:50-07:00,6,70
projects/index.html,92,html,6b4cc451,CocoXu08,2025-10-05,16:08:50,-07:00,2025-10-05T16:08:50-07:00,6,232
projects/index.html,93,html,6b4cc451,CocoXu08,2025-10-05,16:08:50,-07:00,2025-10-05T16:08:50-07:00,4,8
projects/index.html,94,html,6b4cc451,CocoXu08,2025-10-05,16:08:50,-07:00,2025-10-05T16:08:50-07:00,4,7
projects/index.html,95,html,6b4cc451,CocoXu08,2025-10-05,16:08:50,-07:00,2025-10-05T16:08:50-07:00,6,39
projects/index.html,96,html,6b4cc451,CocoXu08,2025-10-05,16:08:50,-07:00,2025-10-05T16:08:50-07:00,6,70
projects/index.html,97,html,6b4cc451,CocoXu08,2025-10-05,16:08:50,-07:00,2025-10-05T16:08:50-07:00,6,236
projects/index.html,98,html,1b4549c2,CocoXu08,2025-10-22,13:45:01,-07:00,2025-10-22T13:45:01-07:00,4,12
projects/index.html,99,html,6b4cc451,CocoXu08,2025-10-05,16:08:50,-07:00,2025-10-05T16:08:50-07:00,2,4
projects/index.html,100,html,d4bbc4d2,CocoXu08,2025-10-01,16:55:59,-07:00,2025-10-01T16:55:59-07:00,0,5
projects/index.html,101,html,d4bbc4d2,CocoXu08,2025-10-01,16:55:59,-07:00,2025-10-01T16:55:59-07:00,0,5
projects/index.html,102,html,d4bbc4d2,CocoXu08,2025-10-01,16:55:59,-07:00,2025-10-01T16:55:59-07:00,0,0
projects/index.html,103,html,d4bbc4d2,CocoXu08,2025-10-01,16:55:59,-07:00,2025-10-01T16:55:59-07:00,0,0
contact/index.html,1,html,d4bbc4d2,CocoXu08,2025-10-01,16:55:59,-07:00,2025-10-01T16:55:59-07:00,0,13
contact/index.html,2,html,d4bbc4d2,CocoXu08,2025-10-01,16:55:59,-07:00,2025-10-01T16:55:59-07:00,0,14
contact/index.html,3,html,d4bbc4d2,CocoXu08,2025-10-01,16:55:59,-07:00,2025-10-01T16:55:59-07:00,0,4
contact/index.html,4,html,d4bbc4d2,CocoXu08,2025-10-01,16:55:59,-07:00,2025-10-01T16:55:59-07:00,2,20
contact/index.html,5,html,d4bbc4d2,CocoXu08,2025-10-01,16:55:59,-07:00,2025-10-01T16:55:59-07:00,2,68
contact/index.html,6,html,d4bbc4d2,CocoXu08,2025-10-01,16:55:59,-07:00,2025-10-01T16:55:59-07:00,2,32
contact/index.html,7,html,d4bbc4d2,CocoXu08,2025-10-01,16:55:59,-07:00,2025-10-01T16:55:59-07:00,2,41
contact/index.html,8,html,d4bbc4d2,CocoXu08,2025-10-01,16:55:59,-07:00,2025-10-01T16:55:59-07:00,0,5
contact/index.html,9,html,dcc660a5,CocoXu08,2025-10-16,19:57:30,-07:00,2025-10-16T19:57:30-07:00,0,8
contact/index.html,10,html,d4bbc4d2,CocoXu08,2025-10-01,16:55:59,-07:00,2025-10-01T16:55:59-07:00,2,30
contact/index.html,11,html,d4bbc4d2,CocoXu08,2025-10-01,16:55:59,-07:00,2025-10-01T16:55:59-07:00,2,43
contact/index.html,12,html,d4bbc4d2,CocoXu08,2025-10-01,16:55:59,-07:00,2025-10-01T16:55:59-07:00,2,41
contact/index.html,13,html,d4bbc4d2,CocoXu08,2025-10-01,16:55:59,-07:00,2025-10-01T16:55:59-07:00,2,39
contact/index.html,14,html,d4bbc4d2,CocoXu08,2025-10-01,16:55:59,-07:00,2025-10-01T16:55:59-07:00,2,62
contact/index.html,15,html,dcc660a5,CocoXu08,2025-10-16,19:57:30,-07:00,2025-10-16T19:57:30-07:00,0,8
contact/index.html,16,html,6b4cc451,CocoXu08,2025-10-05,16:08:50,-07:00,2025-10-05T16:08:50-07:00,0,4
contact/index.html,17,html,6b4cc451,CocoXu08,2025-10-05,16:08:50,-07:00,2025-10-05T16:08:50-07:00,2,17
contact/index.html,18,html,d4bbc4d2,CocoXu08,2025-10-01,16:55:59,-07:00,2025-10-01T16:55:59-07:00,2,71
contact/index.html,19,html,d4bbc4d2,CocoXu08,2025-10-01,16:55:59,-07:00,2025-10-01T16:55:59-07:00,4,5
contact/index.html,20,html,d4bbc4d2,CocoXu08,2025-10-01,16:55:59,-07:00,2025-10-01T16:55:59-07:00,6,9
contact/index.html,21,html,d4bbc4d2,CocoXu08,2025-10-01,16:55:59,-07:00,2025-10-01T16:55:59-07:00,6,31
contact/index.html,22,html,d4bbc4d2,CocoXu08,2025-10-01,16:55:59,-07:00,2025-10-01T16:55:59-07:00,4,6
contact/index.html,23,html,d4bbc4d2,CocoXu08,2025-10-01,16:55:59,-07:00,2025-10-01T16:55:59-07:00,0,0
contact/index.html,24,html,d4bbc4d2,CocoXu08,2025-10-01,16:55:59,-07:00,2025-10-01T16:55:59-07:00,4,5
contact/index.html,25,html,d4bbc4d2,CocoXu08,2025-10-01,16:55:59,-07:00,2025-10-01T16:55:59-07:00,6,6
contact/index.html,26,html,d4bbc4d2,CocoXu08,2025-10-01,16:55:59,-07:00,2025-10-01T16:55:59-07:00,6,20
contact/index.html,27,html,d4bbc4d2,CocoXu08,2025-10-01,16:55:59,-07:00,2025-10-01T16:55:59-07:00,4,6
contact/index.html,28,html,d4bbc4d2,CocoXu08,2025-10-01,16:55:59,-07:00,2025-10-01T16:55:59-07:00,0,0
contact/index.html,29,html,d4bbc4d2,CocoXu08,2025-10-01,16:55:59,-07:00,2025-10-01T16:55:59-07:00,4,5
contact/index.html,30,html,d4bbc4d2,CocoXu08,2025-10-01,16:55:59,-07:00,2025-10-01T16:55:59-07:00,6,6
contact/index.html,31,html,d4bbc4d2,CocoXu08,2025-10-01,16:55:59,-07:00,2025-10-01T16:55:59-07:00,6,31
contact/index.html,32,html,d4bbc4d2,CocoXu08,2025-10-01,16:55:59,-07:00,2025-10-01T16:55:59-07:00,4,6
contact/index.html,33,html,d4bbc4d2,CocoXu08,2025-10-01,16:55:59,-07:00,2025-10-01T16:55:59-07:00,0,0
contact/index.html,34,html,d4bbc4d2,CocoXu08,2025-10-01,16:55:59,-07:00,2025-10-01T16:55:59-07:00,4,20
contact/index.html,35,html,d4bbc4d2,CocoXu08,2025-10-01,16:55:59,-07:00,2025-10-01T16:55:59-07:00,2,5
contact/index.html,36,html,b7862a65,CocoXu08,2025-10-12,09:54:14,-07:00,2025-10-12T09:54:14-07:00,2,48
contact/index.html,37,html,d4bbc4d2,CocoXu08,2025-10-01,16:55:59,-07:00,2025-10-01T16:55:59-07:00,0,0
contact/index.html,38,html,d4bbc4d2,CocoXu08,2025-10-01,16:55:59,-07:00,2025-10-01T16:55:59-07:00,0,5
contact/index.html,39,html,b7862a65,CocoXu08,2025-10-12,09:54:14,-07:00,2025-10-12T09:54:14-07:00,0,6
contact/index.html,40,html,d4bbc4d2,CocoXu08,2025-10-01,16:55:59,-07:00,2025-10-01T16:55:59-07:00,0,0
